publishedAt,authorDisplayName,textDisplay,likeCount
2025-11-03T04:11:42Z,@sriumiati-d9b,Mohon supaya magang ini bisa juga ditujukan untuk lulusan yang sudah 2 atau 3 tahun lulus tapi belum dapat pekerjaan . <br>Mohon tak perlu dibatasi sebab masih banyak pengangguran lulusan lama 🙏🙏,0
2025-10-27T08:06:16Z,@ponticarla9725,"Kenapa cm fresh graduate ? Gmn nasib lulusan sblmnya yg blm dpt kesempatan kerja ? Sementara usia mrk bertambah terus &amp; makin sulit dapat job. Mrk hrs mengejar ketertinggalan utk memperbaiki portofolio. Justru yg FG masih byk kesempatan. Di era presiden sblmnya para lulusan SMP/SMA/D1/D3/S1 ga dpt program spt ini, cm ada program pelatihan pra kerja tanpa disediakan lapangan pekerjaan yang memadai. Semoga pemerintah melalui pihak terkait dapat mengkaji kembali program magang berbayar.",0
2025-10-25T00:52:30Z,@pamangober4072,Gak ada lulusan SMA ini ? 😢,0
2025-10-20T22:52:51Z,@termultobat,"Magang, blm kerja kok dipaksa beli seragam  ? <br><br>termul termul",0
2025-10-20T15:43:23Z,@Muhlis-98,"apa gunanya website ga jelas, ga bisa sinkron",0
2025-10-20T10:34:59Z,@fatkurohman4331,Seharusnya dinas tenaga kerja harus mengawasi setiap perusahaan yang mbutuhkan tenaga kerja.. kalau ga outsourching ya bawaan keluarga.. mental uang kebodohan dan arogan yang mapan kerja.,0
2025-10-20T08:36:08Z,@Eatenslapen69,"Tolong untuk penerimaan magang fresh graduate ini untuk pemberitahuannya lebih jelas khususnya di website magang hub kemenaker karena faktanya banyak calon magang gagal diterima karena pada pengumuman panggilan tes di tgl 16 Oktober 2025, panggilan dari perusahaan magang malah masuk ke box email spam para calon magang kerja. Karena ketidaktahuan para calon magang,akhirnya ketika dibuka email panggilannya sudah kedaluarsa.",0
2025-10-20T08:02:37Z,@sumirahdimyati398,"Alhamdulillah, Indonesia mulai cerah. Presiden Prabowo keten",0
2025-10-20T13:59:02Z,@srhutapea7548,Di kepri  ngga ada tuh,0
2025-10-20T06:45:46Z,@Oscar-qn2wi,"Nasehat dari saya buat yang mw magang harus banyak bersabar yah, masalahnya itu pengalaman saya saat magang.",0
2025-10-20T08:38:43Z,@Eatenslapen69,Contoh : alumni tehnik rekayasa perangkat lunak cuman jadi tukang fotokopi dan dianggap calon ancaman atas keberlangsungan pegawai lama dan tidak dimentori dgn benar alias nggak diajarin dgn benar tentang prosedur dan alur kerja😂😂😂😂😂😂,0
2025-10-20T02:29:33Z,@pemifebrianti4104,"Klo yg udh pernah ikut magang,boleh gak ?",0
2025-10-20T06:06:47Z,@adangprabowo18,Boleh,0
2025-10-20T08:41:27Z,@Eatenslapen69,"Ya bolehlah. Tapi kalau sudah lolos magang Batch 1,ya nggak bisa ikut lagi tes magang batch 2. Saran saya kalau sudah pernah magang khususnya yg lulus dari jurusan Teknik Informatika, Sistem Informasi, Teknik Komputer,bagusnya ikut kelas Bootcamp gratisan yg bakal mengerjakan berbagai macam proyek pembuatan software dgn beberapa bahasa pemrogaman. Ini lebih punya nilai jual lebih tinggi dimata perusahaan pengguna calon IT Talent karena ketika dilakukan ujian teknikal berupa coding biasanya lebih benar jawabannya.",0
2025-10-20T00:59:30Z,@gakngerti80,UNTUK SARJANA S1 UG BELUM MENDAPATKAN PEKERJAAN MUNGKIN SELAMA 5 THN APAKAH BISA MENGIKUTI PROGRAM MAGANG MOHON DIJAWAB,0
2025-10-20T08:39:34Z,@Eatenslapen69,Nggak bisa Oom karena judulnya Magang Fresh Graduate.,0
2025-10-19T23:16:17Z,@sawitbersinar,"Apa dasarnya pemikiran nya kenapa yang diperhatikan cuma sarjana yang baru lulus 1 tahun , Gimana dengan mereka   sarjana yang sudah tammat 2 sampai 3 tahun , sudah melamar /tes sana sini karena tidak adanya  pengalaman dan  sulitnya persaingan untuk mendapatkan pekerjaan, sampai sekarang masih menganggur, apa ngk wajar untuk di kasih kesempatan ikut magang atau training dari pemerintah",1
2025-10-19T06:45:02Z,@syamsuardibuya5371,yang lulusnya lebih dari 1 tahun gimana Pak,1
2025-10-19T06:16:02Z,@wikosaputra737,"Kumpulkan semua ahli ketrampilan, pemerintah gaji mereka fasilitasi agar generasi muda/mudi bisa belajar ketrampilan sesuai bakat dan kemampuan mereka secara garatis selama 5tahun.<br>Maka indonesia kedepannya mempunyai generasi yg handal yg bisa bersaing dlm segala bidang. Bukan mengirim pembantu tetapi mengirim ahli ke negara lain. <br>Serta kualitas generasi kedepan siap menghadapi tantangan global dalam usaha dan kemandirian usaha.",0
2025-10-18T15:45:53Z,@mbahgundul3763,klo UUD 45 PASAL 33 DI REALISASIKAN BNGSA KITA TIDAK ADA YG MISKIN .OK.KITA NGGA PERLU NGEMIS NGEMIS MINTA KERJAAN.,1
2025-10-14T09:58:46Z,@BARLIOaya,"Kocak kasih syarat kaya nyari agen rahasia,adehhh negara oh negara",1
2025-10-14T08:33:01Z,@axx6580,sy tetap berpegang teguh pada prinsip &quot;KEKUATAN ORG DALAM&quot;,0
2025-10-13T15:51:08Z,@Infobola5371,"8 bulan magang, 2 tahun kontrak, tahun berikutnya di PHK massal !!!<br>ingat woi, ini Indonesia, banyak tipu²nya<br>kita sudah punya contoh meski situasinya berbeda :<br>PNS, PPPK, PPPK PARUH WAKTU, dan muncul lagi katanya PPPK PENUH waktu. mereka ASN, namun status mereka beda. <br>diciptakan agar terjadi pemetaan, ketima tensinya tinggi ... maka konflik itu akan didapati.",0
2025-10-13T02:41:46Z,@tommydimyati4428,Phising kebocoran data apalagi ini,0
2025-10-12T06:48:09Z,@Juna_san,"Bgo amat katanya janji 19 juta loker, kok malah magang untuk yg baru lulus",0
2025-10-12T05:58:34Z,@bijonearc3233,"Lah ngapain ngurusin anak muda pengangguran/Warga negara yang harus di urus dan di sejahtera kan itu pejabat gaji nya harus ratusan juta, bonusnya dll Harus triliun.<br>Kasian nanti pejabat-pejabat hidupnya susah Anggaran nya ke potong. Tapi gak apa-apa nanti bisa di atur korupsi berjamaah SE-DPR RI",0
2025-10-12T05:53:02Z,@dimasaryamukhtiofficial876,Tapi saat isi data wilayah tinggal tidak ada untuk wilayah Sumbawa NTB,0
2025-10-11T06:38:57Z,@syifanurlatifah,"Yah, udah lewat dari satu tahun lulusnya",0
2025-10-11T06:11:15Z,@tian2105,cair cair 😂,0
2025-10-10T12:20:50Z,@manganturutok,Gua lulus SMP doank...<br>Lebih baik kerja apa mancing hu suhu😂,0
2025-10-10T10:25:06Z,@srimartini5675,Anakku alhamdulilah <br>Dah kerja Di jepang,0
2025-10-10T09:19:16Z,@EuisKurniawati-zh6fd,KENAPA CUMA YG LULUS SATU THN KEMARIN...PADAHAL LULUSAN TH YG LAMA MASIH BNYK YG NGANGGUR....,0
2025-10-10T08:23:58Z,@parah5678,Hadeh sampe sekarang masih di deskrimasikan lapangan kerja masih ajah di mulai d3 sama sarjana. Pemerintah udah tidak melihat kejalan padahal banyak banget orang yang lulusan SMA/SMK padahal mereka juga punya skill,0
2025-10-10T08:19:12Z,@channelap671,"Di batasi,, gimana nasibnya yg lulus lebih dari 1tahun",0
2025-10-10T07:48:03Z,@jamkosong88,19 juta lowongan kerjanya Mana???????,0
2025-10-10T07:37:22Z,@Sans-t3o,kalo soal cari anggaran ada aja terobosannya.,0
2025-10-10T06:10:13Z,@cloudnim-xo7ck,"Gratis, pas diklik bayar. Dah gitu ulasannya terlalu kaku alias BUZZER.",0
2025-10-10T03:13:03Z,@Suryasurmana012,Nyocot,0
2025-10-10T03:05:33Z,@rever1189,Aroma bau busuk kecium juga gak bisa tepatin janji pemilu 19jt lapangan kerja cari cara instanst jangka pendek tanpa pikirkan jangka panjang..status program magang selesai magang nganggur lagi 😂😂😂,0
2025-10-10T02:57:02Z,@RomiBae1982,Persyaratan nya berat,0
2025-10-10T00:33:34Z,@jang_eby,Ga bisa diakses appnya. Skalabilitas app bapuk ... 😂😂😂,0
2025-10-09T23:34:54Z,@Thanos-l8w,Magang ada karena lowongan kerja yg tidak sebanding dengan jumlah pencari kerja,0
2025-10-09T12:50:45Z,@fazry-o8u,Pembodohan 😂,0
2025-10-09T11:10:25Z,@pbbpandu4084,Susah ya kalo punya pejabat SDM rendah 😊,1
2025-10-10T08:26:27Z,@roymustikapermana6323,Gen boomer bgst penghambat kemajuam,0
2025-10-09T00:52:43Z,@Dibu4nk.S4y4nk,DPR ga ada yg protes kah sistem ky ini .......🙄. Bungul banar nih.....😅😅😅,0
2025-10-09T00:13:44Z,@Lia_dewi,"Kenapa harus maksimal 1 tahun lulus, padahal banyak yang lebih lama",1
2025-10-08T14:55:58Z,@VURARIZ,Aneh sih... Minimal 1 tahun... Hmmm katanya gk ada batasan-batasan.... Dalam pelamaran pekerjaan... Ini magang aja dah batasan😊,0
2025-10-08T14:15:19Z,@Daadiiduisdak,ALHAMDULILLAAHIROBBIL&#39;AALAMIIN MASYA ALLOH TABAROKALLOH ALLOOHUAKBAR ALLOOHUMMAA SHOLLI&#39;ALAA SAYYIDINAA MUHAMMADD WA&#39;ALAA AALII SAYYIDINA MUHAMMADD ALLOOHUMMA SHOLLI WASALLIIM WABAARIK&#39;ALAIH WA&#39;ALAA&#39;AALAIH Syukuryaa matursuwun 💪🇯🇴🙏,0
2025-10-08T13:49:30Z,@hendisuhendi7301,"Kenapa harus yg diploma dan sarjana, lah lulusan sma/smk kan banyak juga yg nganggur.",0
2025-10-08T11:55:08Z,@Dee-CC,BASI 👎🏻,0
2025-10-08T11:51:59Z,@SebatasAsumsi,Program omon2 buang2 anggaran. 🤣🤣,0
2025-10-08T10:22:13Z,@novitahandayani867,Lowkee utk yg kena phk dong,0
2025-10-08T08:59:39Z,@dimmangsudirman5471,Gimna untuk SMA SMK yang udah pengalaman dan non pengalaman umur 30+ pdhal mereka layak juga ko magang untuk nambah portofolio kerja jga,0
2025-10-08T07:35:03Z,@RadenmasPurwanto-k8t,Wapres mu.... <br>Kon magang sekolah sma,0
2025-10-08T05:12:06Z,@pamangober4072,Aku lulusan SMA ga kedapatan ini kalo syaratnya Sarjana d3. 😢 Cobaan,0
2025-10-08T03:22:27Z,@gunawan8925,Hoax,0
2025-10-08T02:52:19Z,@muhammadzayn118,Harus diploma minimalnya 🤣,0
2025-10-07T23:17:59Z,@Borneo_Selatan,Info Magang Umur 35up,2
2025-10-08T07:08:41Z,@dargoputra2626,"Berat, mas.",1
2025-10-08T07:09:01Z,@Borneo_Selatan,​@dargoputra2626😂😂😂😂😂😂,0
2025-10-07T16:51:26Z,@TaufikSandiman-ye8vd,PROGRAM GAK GUNA 😂😂😂,0
2025-10-07T16:51:04Z,@TaufikSandiman-ye8vd,Emang YANG PANTES KERJA YANG SARJANA DOANG? <br>APA GUNANYA 270JT PENDUDUK KALO YANG KERJA SARJANA S1-S2 👎🏽👎🏽👎🏽👎🏽👎🏽👎🏽👎🏽👎🏽👎🏽,0
2025-10-07T15:08:04Z,@NONAME-iu4rv,Mahasiswa smester 5 bisa ngak?,0
2025-10-07T14:17:38Z,@imansatria456,Bapaku lulus s2,0
2025-10-07T13:36:20Z,@Abdul63737,Proyek pemerintah apa lagi ini😂😂,0
2025-10-07T11:49:34Z,@Zeldabilal,"Harusnya SMA dibanyakin, buat biaya kuliah jadi S1.<br>Bukan justru prioritas S1 yg di buat magang, lucu.",4
2025-10-07T11:22:00Z,@DandiPrasetyo-q9w,Yang di cari cuman lulusan D3 sama S1 doank gimna dengan yang lulusan SMA,2
2025-10-07T10:44:55Z,@itz.patrikzs,Ini mah kaya progam kartu prakerja😅 ujung2nya menghabiskan uang anggaran tapi rqkyat masih nganggur,30
2025-10-07T10:31:09Z,@jogresslord234,"Mbak,yg bicara dilapangan boleh kah aku menjadi pacarmu❤😘",0
2025-10-07T09:56:04Z,@KappaSura,Lahan korupsi lagi nih,0
2025-10-07T09:21:02Z,@messknown8104,⚽,0
2025-10-07T08:21:43Z,@KrisDuansah,Gak usah magang2 buka lowongan noh janjinya mana😂,27
2025-10-11T07:52:33Z,@Drivermudaarab,Pekerjaan scrool hp wkwk,0
2025-10-07T08:21:01Z,@KrisDuansah,Hahaahha emang iya masuk😅,0
2025-10-07T05:26:48Z,@Ejaa8p205,Pemerintah mau mengatasi pengangguran tapi masih pake syarat. Di luar negeri ijazah gak guna yg penting skill. Skillnya yg dites bukan nyari2 siapa yg punya pendidikan tinggi. Hedeh pemerintah indonesia kapan mau berbenah.,12
2025-10-07T00:54:51Z,@leksidlek8854,Magang kenapa harus pakai standar ijasah.,3
2025-10-07T00:09:38Z,@AbdulRahmanAlVino-el6qt,Tambah kencang korupsinya di depnaker indonesia,1
2025-10-06T16:23:22Z,@RajaOprekOri,"Yaelaaahh,, ujung ujungnya duitt.. gw sarjana s1 aja gojek.. kalah sama yg berduit, sogok beres mau sarjana mau kaga langsung kerja lu",1
2025-10-06T16:17:49Z,@dhaffasya,Program abal2 ujung2nya di korupsi 😂,2
2025-10-06T15:11:02Z,@LunaGwa-iu3zz,Magang ke mana??? Takutnya magang ke Kamboja.,14
2025-10-07T03:04:47Z,@KucingGENIOUS1234,😂😂nah itu dia😂,1
2025-10-07T09:13:58Z,@JK4R-69,di antar lagsung sama Budi Arie 😂,1
2025-10-06T14:06:35Z,@borisjohn4605,Magang wajib dibayar. Jangan diperas tenaga dan intelektualnya dengan diberi tugas dobel melebihi karyawan tetap. Para karyawan jangan memperlakukan mereka yg magang seperti budak!!,14
2025-10-07T03:05:38Z,@KucingGENIOUS1234,Bnr tuuh...magang jng disiksa jg,0
2025-10-12T14:43:28Z,@kaoskaosdistro,"Itu dibaca, insentif UMK<br>makanya video diliat sampe akhir 😂",1
2025-10-06T13:44:28Z,@masprie2673,pejabat2 indo  yg dah tuwa suruh mati j biar di gantikan yg baru lulusan s.10,1
2025-10-06T15:11:54Z,@feryhadi7891,"@masprie2673 tunggu 2045, itupun klo negara ini masih ada 😂",0
2025-10-06T13:41:00Z,@hazmirajabputra,Masih pake syarat cok,1
2025-10-06T13:04:10Z,@tonitole4239,"Magang, bukan kerja atau kariawan prusahaan,<br>Setelah itu mau jadi apa<br>Magang terus?????",2
2025-10-07T14:27:45Z,@MisterAgung-s1z,Ga ada masa depan nya kalau cm magang  😅<br>Lowongan kerja tetep ga ada zongg😂,0
2025-10-07T15:12:38Z,@NONAME-iu4rv,Jadi Termul 😂😂😂,0
2025-10-06T10:53:21Z,@widiatmopetrus3444,"Sarjana stock lama yg masih nganggur jangan &quot;iri&quot;, ini &quot;anomali&quot;, umumnya magang sebelum lulus sarjana.",9
2025-10-06T04:32:27Z,@MahmudJadi-t8u,mantap lek umur 59 masih srmangat kerja untuk menghidupi keluargga masih bisa ikit daftar kah lek,1
2025-10-06T03:41:03Z,@HendarwinMemed,Yg nganggur bukan cuma yg baru lulus 1 thn terakhir sebagaimana persyaratannya. Banyak yg sdh lulus 2 atau 3th lalu juga yg kena phk. Ini cuma solusi tambal sulam yg tidak menyelesaikan masalah pengangguran di negeri ini,74
2025-10-07T09:13:29Z,@JK4R-69,ini cuma akal2an agar anggaran cair 😂 program dadakan,12
2025-10-09T11:12:57Z,@elgoetha8191,program magang cuma berlaku bagi yg fresh graduate atau maksimal lulusnya bru setahun yg lalu...kocak sih menurut gue..🤧,5
2025-10-06T03:19:35Z,@vikicomMax,Banyak program tidak jelas,4
2025-10-07T03:06:58Z,@KucingGENIOUS1234,Iyaaa..byk yg gk jelasnya...dlu jg buka lowongn kerja eh taunya ada yg dphk,0
2025-10-05T22:13:01Z,@TUBAGUSOFFICIAL-y5o9p,Yang LULUSAN SMA/SMK bagaimana mereka semua juga punya potensi untuk berkembang,43
2025-10-10T04:35:30Z,@NMHG012,@TUBAGUSOFFICIAL-y5o9p  iyaa kecewa saam pemerintah,1
2025-10-20T12:32:49Z,@denirafid6548,"@TUBAGUSOFFICIAL-y5o9p jangankan yg lulusan SMA, yg lulusan S1 saja banyak yg menganggur 😁",0
2025-10-20T12:42:14Z,@TUBAGUSOFFICIAL-y5o9p,​@denirafid6548betul mas,0
2025-10-05T20:06:25Z,@Srr210,gak bisa invalid terus,0
2025-10-05T17:18:52Z,@denisFathir-y4o,Usianya Gmn ngaruh enggak&#39;infonya yg jelas dong biar rakyat faham dan cerdas jadi kagak dongo😊,1
2025-10-08T11:31:53Z,@Juandry,@denisFathir-y4o udah jelas itu. Lulusan D3/ S1 maksimal 1 tahun.,0
2025-10-08T12:59:06Z,@denisFathir-y4o,​@Juandrysayang pendidikan  dibatasi ad diskriminasi pendidikan  padahal  punya hak yg sama sebagai warga negara indonesia,1
2025-10-05T11:58:46Z,@susioey8536,Kalau disuruh bayar jgn mau. Itu cuman akal2an,0
2025-10-04T15:21:38Z,@multatuli1875,Fufufafa nggak bisa  lolos magang karena nggak jelas sekolahnya,0
2025-10-04T15:01:46Z,@asbakhitam7724,"lumayan tenaga murah, untung gw bos",0
2025-10-04T14:50:54Z,@nonanty593,"Magangnya harusnya ya jangan di perusahaan Swasta, ITU MAH SAMA AJA MENUTUP LAPANGAN PEKERJAAN TETAP GA SIH????",0
2025-10-04T14:43:08Z,@salingriz,Magang saja sarjana apalagi mau jadi pejabat kyknya harus s2,0
2025-10-04T14:15:22Z,@arifrahmansabrina5444,Hanya utk sarjana 🤠,1
2025-10-04T13:24:09Z,@sistg-o9g,Mau daftar mejeng aja,1
2025-10-04T13:19:00Z,@alwafi-kn3ko,Truss TUJUANnya magang itu apaaa??. Cm dpt sertificat doang+AKAN disalurkan.<br>tp dsalurkan kmn?? Mmgnya ada brp LPANGAN KERJANnya??<br>pmerintah kok suka kasih HARAPAN PALSU  sih.,5
2025-10-04T13:53:07Z,@dikkefinbimantara1254,"Dikasih solusi salah, ga ngasih solusi salah, lu kira lu pengangguran itu salah pemerintah doang? Perusahaan swasta ga lu salahin? Gw mantan peserta MSIB tahun lalu, jujur terbantu bgt, cuma setelah program ya balik lg keputusan perusahaan swasta mau diambil karyawan atau gaa, karna yg gaji itu swasta bukan pemerintah, PAHAM? Gw dulu MSIB tujuannya supaya Gw dikenal sama perusahaan, Gw punya channel dunia kerja, lebih dekat lagi sama dunia kerja, dll, ga hanya Sertifikat, dll. Jadi lu kalo pengen sukses ya usaha lah anjirrr, jgn ngeluh mulu, emang kebanyakan pengangguran itu org2 yg ga punya strategi, suka ngeluh, dan ga sabaran, dan suka nyalahin org lain kalo lagi nganggur, kaya lu buktinya😂",5
2025-10-04T16:21:12Z,@ariervandi,"@dikkefinbimantara1254 bang udah, Bang. Wkwkwk",0
2025-10-04T16:51:32Z,@alwafi-kn3ko,"​@dikkefinbimantara1254heleehh...jobfair selama ini jg cm akal2an sj spy klihatan pmerintah carikan krj,pdahal tdk ada (pengakuan CEO sendiri looo).<br>kasihankan antre sampe jatuh korban.<br>MAGANG ini tak jauh beda dg itu.ini hanya PROGRAM TERPAKSA utk selamatkan MUKA GIBRAN yg janji 19 juta lap krj.dan buktinya ZONK",0
2025-10-04T12:01:16Z,@hennybrunner8939,"Suara jurnalisnya cempreng bikin sakit kuping. Udah cempreng ngomong nggak pake jeda intonasi titik koma, suaranya kayak suara petasan renteng.",15
2025-10-04T13:18:00Z,@suhe777,@hennybrunner8939 ah kamu lebay...biasa aja suara jurnalisnya..,0
2025-09-29T22:13:18Z,@FidelisNdola,"Paling2 cman di pulau Jawa,",0
2025-09-19T05:28:53Z,@yahyamaryanto6052,Airlangga  cuma  jubir doang....di ajak ngalor  ok diajak ngidul ok......yaah  gak ada pendirian..,0
2025-09-19T02:51:16Z,@Mariyam-o4s,Mantap..,0
2025-09-19T00:25:28Z,@lulukrani4656,menyala bpk mentri ❤❤❤❤😅😅😅😅😅,0
2025-09-18T22:05:13Z,@feraldybarumain993,"SARJANA, D3, YG NGANGGUR MASIH RIBUAN, UTAMAKAN DULU, jangan yg baru lulus aja, tolong pak Mentri !!!!!",0
2025-09-18T22:01:49Z,@feraldybarumain993,"Jangan yg baru lulus aja ,UTAMAKAM YG SUDAH LAMA NGANGGUR, KASIHAN MEREKA SAMPAI PUTUS ASA RATUSAN KALI MELAMAR PEKERJAAN BLM KERJA JUGA. !!!!",0
2025-09-18T20:26:54Z,@alibastomi4594,"Pemuda,,di beri keterampilan di BLK,,,terus kerja di magangkan di luar negri secara matang sesusi dg minat bakatnya,,,itu harus terus meneru secara periodik,,,,para pemudanya ❤❤❤",0
2025-09-18T18:22:06Z,@indahastuti4630,Untuk semua usia ya pak jangan di batasin,0
2025-09-18T16:03:34Z,@apinfirman578,Agak waras nih mentri drpd sri tiap pidato apbn tekor trs bangsat emng,0
2025-09-18T15:28:56Z,@NanikFuroidah,Beneran ya pak❤,0
2025-09-18T14:58:29Z,@Kiwi_buahh,"Nah begitu dong baru mantap, 🙏👍👍",0
2025-09-18T14:44:33Z,@Warman-m9r,Pemerintah itu licik.,0
2025-09-18T14:43:34Z,@rahmanTo7829,SAYA PIKIR 19 JUTA LAPANGAN PEKERJAAN SESUAI JANJI KAMPANYE TEMPO HARI.,0
2025-09-18T13:55:54Z,@jatospelangi4701,"Magang dikementrian itu hanya menghabiskan anggaran saja,, menkeu itu cepat hapus PPN,, lalu turunkan kurs dollar kalau bisa dibawah 10.000/ dollar,, bisa tdk,jgn pencitraan mulu, tdk mampu melakukannya, cari jalan pencitraan.",0
2025-09-18T13:44:08Z,@wijanarkoerwin3859,Upah pegawai mestinya sama semua jangan ada perbedaan karena harga BBM pun harganya nasional,0
2025-09-18T13:33:26Z,@NanangHermawan-u6h,Usia 35 keatas donk karna Uda sulit cari pekerjaan,0
2025-09-18T13:32:26Z,@Arianto-q9u,"Ah magang itu cuman mau habiskan biaya atau buat proyek kementerian saja, biar bisa korupsi. Apa gunanya magang-magang kalau lapang pekerjaannya aja tidak jelas, ujung yang ikut magangpun nanti suruh cari kerja sendiri.",0
2025-09-18T13:31:20Z,@sriyuliati2698,"Iya pak    anak2 butuh  pekerjaan , anak dewasa yg  ddh punya keluarga..ngalamar kesana kemari  alasan usia  lbih....tolong perhatikan ank2 dewasa dll",1
2025-09-18T13:20:46Z,@TitinSupriatin-l2x,Alhsmdukilah ads kedrmoatsnbuat anak dy srmiga lancar lukussn S1d kemana harus daotarnya pa,0
2025-09-18T12:45:19Z,@Humanareselfish,Buang waktu.. kelar di situ cari kerja lagi udah g di terima umur nya 😂,0
2025-09-18T12:23:17Z,@ZerryUuy,klu Indonesia harus ad syaratnya. mkny banyak yg  kemiskinan,0
2025-09-18T12:14:15Z,@BangSat-l2y,"Yg baru lulus itu ga punya anak bini kok malah di utamakan<br><br>Pemerintah bobrok, udah ngliat tapi buta udah dengar tapi tuli",0
2025-09-18T11:47:33Z,@sarahnuri-n7k,Jangan cuma magang pak tapi berkelanjutan...,0
2025-09-18T11:41:12Z,@MuhamadArief-q4v,Lulusan S1 dan D3 di suruh magang sedangkan yg SMA belum jelas kelulusannya di suruh jadi wakil....bener bener Konoha mah yaa,0
2025-09-18T11:31:47Z,@Sumariati-o8d,"Kita hrs tetap byr pajak Krn skrg menteri keungannya membutuhkan rakyat buat spy Indonesia stabil cuma mohon SM pemerintah pajak yg kira,, gk msk akal di hapus kasihan rakyat kecil",0
2025-09-18T11:20:40Z,@HanilKasep,Ngeri bos... Perusahaan mana yang mau menggajih sesuai UMP.yang senior aja udah pada mau pensiun. Banyak yang PHK.,0
2025-09-18T11:13:15Z,@AhmadShohib-zq8xt,Berilah masyarakat kesempatan agar bisa menikmati hasil dari jeri payahnya sendiri dari negaranya,3
2025-09-18T11:08:45Z,@heriwidayanto450,Mungkin baru wacana aj🙏,0
2025-09-18T11:01:39Z,@payrasaapel4405,Magang di jkrta cuma di gaji 3jt,0
2025-09-18T10:53:35Z,@Suradi-x8m,Menurut saya.pk.gkusah.ribut.masalah.sekolah.ygpentinng.demo.rakyat.dannegara..daripada.sekolah.sampaisetinggi.langit.ujungnya.jadibajingan.,0
2025-09-18T10:31:30Z,@AkbarSagala-h6v,"Jangan kan 20 ribu,2 juta orang aja masih dikit untuk mengurangi pengangguran,",0
2025-09-18T10:25:02Z,@Dede-f2x,Semoga g omon 2,0
2025-09-18T10:06:20Z,@isaksiwa7274,Link pendaftarannya mana,0
2025-09-18T10:04:38Z,@mustamanustman3875,"Trs yg lulusan lama di biarkan begitu saja ya pak,g adil dong, harusnya sama2 di rangkul buat kerja magang",0
2025-09-18T09:59:32Z,@lamsariahlamsariah355,"Bagus , buka terus lapangan kerja bila perlu sebanyak banyak nya, lndonesia generasi produktif bukan generasi tongkrongan, terima kasih untuk semuanya",1
2025-09-18T09:54:43Z,@jackman-f1r,cara daftarnya gimana pak ?,1
2025-09-18T09:43:08Z,@robertussutarmanto8045,Pakailah DIKLAT DIKLAT yg banyak nganggur utk PEMBEKALAN  BAHASA ASING DAN KETRAMPILAN UTK SARJANA SARJANA YG BARU LULUS ATAU MASIH MENGANGGUR.BIAR BERGUNA GEDUNG GEDUNG MEGAH ITU.<br>DAN BAGI PESERTANYA GRATIS.MENTRI TENAGA KERJA YG ANGGARKAN BIAYANYA.<br>HERAN PARA MENTRI APA KERJAMU ???<br>MANA TROBOSANNMU UTK MENUJU INDONESIA EMAS ?<br>MOLOR AJA KERJANYE.,0
2025-09-18T09:38:52Z,@yetybahar1132,itu ada dana ny buat gaji org yg magang koq giliran uang pensiunan yg dipotong tiap bln smp puluhan tahun g dikembalikan smp skrg gmn NKRI mw di bilang adil wajar rakyat demo trs menerus emang pemerintahny yg g adil sm rakyat,0
2025-09-18T09:34:28Z,@kamtopam6910,Mudah2an Segera Tereliasi program ini banyak anak2 kita lulus masih PD menganggur. Itu Ada yg janji buka lopangan kerja 19juta OMON OMON Doang.,0
2025-09-18T09:24:41Z,@khadijahtan9307,Program gk jelas honorer aj  gk digaji aplgi magang konoha2 omon2 tok.😂😂😂,0
2025-09-18T09:20:56Z,@indonesiabae98,👍👍👍,0
2025-09-18T09:16:41Z,@Bogartbrahm,"Kok, jd terkesan pak purbaya doang yg kerja, yg lain mana",0
2025-09-18T09:13:41Z,@LayNyuk,janji ya pak menteri gaji segitu jangan dipotong ini-itu lagi ya,0
2025-09-18T09:05:32Z,@uzanxrustiwa6314,nanti titipan juga yg bisa magang,0
2025-09-18T08:55:37Z,@BiancaSyahrena-e5l,Lulusan smk gimna pak,0
2025-09-18T08:50:09Z,@Catrik123,Erlangga hatu beringin 😂saat nahkoda pak prabowi dia sedikit LURUS😂😂😂,0
2025-09-18T08:43:19Z,@roydeeyaa6239,"Kasian yg lama, pdhl udah ngarep², masalahnya apa ?",0
2025-09-18T08:40:57Z,@BagasBagaskomarudin,Jangan bangga dulu tolong di cerna ko cuman setahun kenapa ga seperti ASN,0
2025-09-18T08:34:51Z,@nckmnj-rm7ie,Buka kerja untok cari lantong mau kah ini permerintah makan lender rahyat suroh kerja cari lantong gobelok punya permerintah,0
2025-09-18T08:27:33Z,@SitiRomiahSitiRomiah,"Saya sllu berdo&#39;a SMG Indonesia mulai damai dan sejahtera membuka lapangan kerja bagi rakyatnya yg pengangguran, SMG BPK Mentri keuangan di berikan amanah yg jujur demi rakyat 🙏🙏",3
2025-09-18T08:04:40Z,@Dirhansyah,"Dari sejak indonesia berkonstitusi, negara pemerintah  RI membuat program diskrimatif....kebutuhan pokok semua anak negara wajib mutlak sama, walau seorang presiden dg org gila. Kebutuhan hidup sehat, kebutuhan hidup berilmu, kebutuhan hidup bekerja, kebutuhan hidup utk mati.....terserah mau di bahas pakai ilmu apa aja manusia.....",0
2025-09-18T07:50:57Z,@Risusu1,"Pak Mentri yg jadi ojol banyak sekolahnya tinggi tinggi,dan banyak yg pintar dan jenius pak angkat pekerjakan di pemerintahan ,kenapa ,pak Erik Tohir ,menjabatnya merangkap rangkap ,kalau bisa di negri ini jangan di perbolehkan merangkap jabatan yg dobel kasian,yg lain jangan tamak tamak dengan jabatan dong ,anda sudah kaya raya ingat yg belum bekerja,pak Erik kekayaanmu di makan 100,turunanmu  ngk habis pak erik tohir",0
2025-09-18T07:49:33Z,@SubehanSubehan-p8g,😂😂yang sudah sudah sih buat keluarga yang ngurusin nya aja yang bisa.. Di atas emang bagus program nya tapi di bawah nya ini yang hrs di awasi kelanjutannya.,0
2025-09-18T07:43:20Z,@Risusu1,"DPR mundur semua di ganti mahasiswa lulusan ,gajii pns,semua DPR pasti pada keluar yg Gati minta naik naik masih kurang suruh mundur saja ,lulusan mahasiswa yg lulusan banyak ,makanya sudah enak jadi DPR ,jangan melonjak,",0
2025-09-18T07:29:56Z,@karubi-hq7ip,Kabar yg baik...bukannya menaikkan pajak..,0
2025-09-18T07:23:52Z,@DaniZaelani-xd5kf,"Heran sama cara berpikir nya, kalo untuk meningkatkan ekonomi masyarakat..kenapa harus pilih² golongan, padahal sama² WNI..<br>Lebih bijak lagi dong dlm membuat kebijakan. Itu juga kalo mau ada perubahan+ untuk negeri ini.",1
2025-09-18T06:33:38Z,@kunsuryatmono8674,Yg harus dibenahi itu birokrasi dan aturan utk investasi di Indonesia.. skrg kan klo mau nanam modal urusan bertele-tele.. bnyk pungli banyak preman yg luar dan yg resmi ..  kita jauh ketinggalan dari Vietnam..,0
2025-09-18T06:32:49Z,@Henda-q4l,"Smp ,sma mampus la y😂😂😅😅😢😢😢",0
2025-09-18T06:30:12Z,@IdanIdan-gl8ng,"Progar cuma enak didengar PHP aja udah jadi tabiat pemeritah negara ini gampang ngomong kenyataan omong kosong doang,,,kalau ada program malah jadi ajang para pejabat dan orang dalam instansi terkait,untuk memasukakn keluarga dan kerabatnya,,,",0
2025-09-18T06:15:40Z,@ademchannel3677,"😂😂😂 cuma magang doang bukan bekerja sebenernya, tapi magang itu disamakan dgn kerja beneran bahkan lebih berat dgn UMP yg kecil setengah atau seperempat dari gaji karyawan.. ini lah yg menguntungkan perusahaan lebih besar krna g perlu banyak biaya tambahan tapi dpt hasil yg maksimal, yg rugi umur para magang itu semakin tua semakin g dpt kerjaan.. krna cuma ikum magang doang sampe umur 25.. malah sulit nyari kerjaan",0
2025-09-18T06:13:11Z,@rifahanif9470,pantau trus pak gerombolan si berat,0
2025-09-18T06:08:28Z,@ekobuono1763,"Biasanya ada tambahan kriterianya, Dengan pengalaman kerja minimal 3 tahun.....",0
2025-09-18T06:07:20Z,@Dapurorjahan,"Gak usah di potong pajak ya pak, kalo di potong pajak ya sama aja bohong",0
2025-09-18T05:44:28Z,@SriMulyani-t9m,Alhmdulillab sarjana .dmz smk fpt oeluang kerja..aamii  yra,0
2025-09-18T05:30:13Z,@SofyanAnwar-o2m,"Ya bagus lah..ada insiatif dari menteri baru, kita lihat perkembangannya dulu..ini sdh ide yg bagus.",0
2025-09-18T05:25:24Z,@amandalevia5489,Bagaimana industri menyerap tenaga kerja kalau industri banyak yg gulung tikar karena kebijakan penguasa,0
2025-09-18T05:12:37Z,@djonias1,"Terus yg udah lulus lama dibiarkan  nganggur, gak belajar dari negara lain atau bunda korla di Jerman pernah diundang di tv Indonesia.😇😇😇",0
2025-09-18T04:27:02Z,@radit.wadaiapamBehera,Mohon di terap kan pelamar pekerja tanpa batas umur..,0
2025-09-18T04:05:20Z,@sitibaroah5752,Ini baru wacana kali ya..dimana daftarnya pak.kok gak disebut kan tempatnya,0
2025-09-18T03:59:45Z,@OcaIca-v5z,Haadeehh gak jls bgt 😢😢 proses magang gaji gak setara fakta nya 😢😢buang2 waktu j,0
2025-09-18T03:53:11Z,@aizadewie,yg menganggur banyak pak nasib anak istri nya gmn dgn negara,0
2025-09-18T03:49:22Z,@jason99-h3k,seperti dulu P3K...,0
2025-09-18T03:02:05Z,@Raisa-rs6se,Alhamdulillah ada gebrakan baru,0
2025-09-18T02:57:21Z,@baksotop6853,Bukan 19 juta loker ya ?,0
2025-09-18T02:41:15Z,@HumanOnly-k1r,Bismillah Alhamdulillah terima kasih ya Allah untuk para pimpinan yg perduli rakyatnya insyaa Allah selalu ada dalam lindungan Allah SWT Aamiin,4
2025-09-18T02:33:41Z,@SuhardinMessah-td2sp,"20 RB sedikit pak presiden, itu khusus daerah Jawa aja, gimana dgn luar Jawa.",0
2025-09-18T02:32:16Z,@Iggy-Pop.1,Moga aj bneran...jgn sampe di NEPAL&#39;kan...!?,0
2025-09-18T02:26:56Z,@NugrahaUtama-s6q,Yg penting jangan KKN cara penerimaan magangnya,0
2025-09-18T02:26:17Z,@coyimron3697,"Hayo pak buka link nya biar anak seorang kuli yang S1,S2 bisa kerja",0
2025-09-18T02:12:09Z,@witriibrahim6671,Kalau dapat upah umum ditinjau ulang lagipak tidak memadai bagi rakyat kecil yang berkeluarga yang untuk bujangan  suda memadai bahkanlebih yang jadi pelemik yang berkeluarga anak tiga butuh sandang pangan  pendidikan apacukup belum sewa rumah disana semua Ter paksa kerja parohan cari pendapatan lain untuk nutupin kekurangan oke salam curhat pak men,0
2025-09-18T02:04:24Z,@Eko_Prasetyo_Oke,Masih Menunggu 19 jt lapangan kerja yg dijanjikan. <br>20k mah masih kecil itu hanya 0.1 %,0
2025-09-18T01:42:55Z,@tdiant,Perlu Hati2 membuat kebijakan. <br>Dan jangan foya-foya/ harus habis/diserap dana nya,0
2025-09-18T00:51:42Z,@ningsihpurwa-z2f,Dahulukan guru dan tenaga medis Pak. Banyak yang sdh pensiun..,0
2025-09-18T00:19:59Z,@DAKWAHyukk142,"baru ini sdh belasan tahun, ada yang mikirin lapangan kerja untuk rakyat, ngak cuma mikirin ngerampok kayak ono",0
2025-09-18T00:17:41Z,@YetiHaryati-v8f,Bisa ga yg sudah usia 33 ak kasian itu anak ku yg lulusan   S1,0
2025-09-18T00:16:40Z,@YetiHaryati-v8f,Mantap pak❤🥰🙏👍👍👍👍,0
2025-09-17T23:29:25Z,@d.r.gaming3197,"Alhamdulillah, Bravo Mentri Keuangan yang baru.",1
2025-09-17T23:29:25Z,@rafliofficial_guppy,"Tinggal oknum2 OS nih yg belum di sikat abis juga, yg menipiskan uang kecil2an buat masuk kerja,,. Tolong juga pak oknum2 agen penyalursn2 itu di SIKAT habis biyar semakin makmur utk org2 yg mau bekerja dg gaji normal yg bakal di dapat,.",0
2025-09-17T23:21:14Z,@LestariIndriyawati,Alhamdulillah semoga bermanfaat dan amanah Pak ❤❤❤,1
2025-09-17T23:14:12Z,@herikartina5136,Alhamdulillah Allah Huakbar ❤🎉,1
2025-09-17T22:49:37Z,@EllySuryati-c6p,Yang baru yg lma saja masih bnyak nganggur jagma buat yang baru saja pak presiden semoga anak indonesia tdak ada lagi yg menganggur Aamiin,2
2025-09-17T22:11:16Z,@benysarbani3366,"SEMUA PROGRAM PEMERINTAH ITU BAGUS, TAPI PELAKSANAAN YANG MELENCENG. LIHAT DULU APA HASILNYA",0
2025-09-17T22:09:40Z,@ciptaagung6042,Yh lum6an fikit dikit...tuk mencspe 19 jt....ntah berspa tahun tercspe....,0
2025-09-17T21:49:13Z,@dessyfervidia1906,Program spt jaman sby,0
2025-09-17T20:09:15Z,@EumanuelC10,"Per smester :<br>UKT . . . Rp. 7 juta<br>Kost . . . Rp  9 juta<br>Makan. .Rp. 9 juta<br>Total . . .Rp.25juta<br>Per bulan 25/6 = Rp.4,17 juta<br>Gaji UMK . . Rp.3     juta<br>Selisih minus Rp. 1,17 juta<br>Pantas ada yg jalan pintas, tak usah kuliah, langsung ke PASAR PRAMUKA bisa jadi Walkot, Gubernur, Presiden. Banyak untungnya.",0
2025-09-17T19:01:03Z,@ajahoax,potensi korupsi di semua lini buat yg bermental babi,0
2025-09-17T17:36:53Z,@prabowoagustin6315,"Harus nya ini cara lama, perusahaan yg mencari pekerja.. dan memang harusnya seperti itu ciri ekonomi terlihat berjalan maju.. semakin banyak perusahaan yg ada di indonesia",0
2025-09-17T17:21:37Z,@RinotoWindu,Justru yg sdh lama menganggur diprioritaskan agar negara ini tdk banyak pengangguran.. 🙏🏻,20
2025-09-18T09:54:39Z,@Rully378,Yg udah lama nganggur kesehatannya d ragukan bro... baru d trima kerja.. eeeh minggu depannya dah ambil cuti krn sakit. Banyak dumel banyak ngeluh.. Susah pokoknya. Jaman dah bobrok bgini.. mending bajakin orang2 kaya aja. Yg penting demi kelrga.. hasil bajak anggap aja rejeki yg tertahan. 🇮🇩😋🤭👍,0
2025-09-18T10:59:51Z,@djuminemwasianah4158,"S1,S2,SMA MINGGIR NIH",0
2025-09-17T16:58:56Z,@MadaGaskar-t6h,Dari daulu kan <br>Anak magang emang dapet uang saku.<br>Terutama anak perhotelan<br><br>Gak tau juga jika ada perusahaan memberi magang tapi gak di Gaji.,0
2025-09-17T16:33:48Z,@kartin8971,Kenapa selalu ada orang ini disamping pak Purbaya bukannya dia geng solo,0
2025-09-17T16:23:54Z,@ZainalArifin-g3j,Mantap yng tua kerja bagus tahan yang kerja malas buang ganti yang muda2,0
2025-09-17T16:16:07Z,@Ardiansyah-e9q6f,"Persyaratan ! Cari lulusan terbaru tp harus berpengalaman kerja, itu bertolak belakang syaratnya, bodoh HRD perusahaan skarang",0
2025-09-17T15:59:26Z,@paisolpartinah2271,"MULAI TAHUN DEPAN JANGAN LAGI PAKEK PRUSAHAAN SUASTA, PEMERINTA SENDIRI HARUS MEM BUATPABRIK SENDIRI.UNTUK PEKERJA MUDA INDONESIA ,BUKAN DIKIT DIKIT SUATA PUNYA KETURUNAN TIONGHUA,",2
2025-09-17T15:52:57Z,@AlekNugraha,Link daftarnya gak dishare ya,0
2025-09-17T15:09:21Z,@Ajialiarab,ANGGOTA DPR<br>IJASAH SMA.<br>ADA YG PAKE ECONOMI POLITIK<br>DUDUK DI KURSI DPR.<br>YG MAGANG S1,0
2025-09-17T15:04:26Z,@IwanRollet,Saya pegen denger pidato itu bukan musik yang mencekam .KLO ada org buta huruf gimana tribun.jangan bodoh tribun,0
2025-09-17T14:09:22Z,@rikaafriza7694,"Iya Program Pemerintah ini bagus  ank sy bisa manggang di brp Perusahaan karnanya  banyk wawasan, pengalaman kerja di dapat, ini sbuah ajang  mendidik adek 2 kita dgn ada gaji😮😅",0
2025-09-17T14:07:13Z,@subawat8737,Iya setuju bukan yg baru lulus aja yg diberi kesempatan. Semua lulusan yg blm bekerja juga diberikan kesempatan. Memangnya lulusan lama dianggap badi..,0
2025-09-17T13:41:48Z,@MnurKhotib-x2r,"Alhamdulillah,,stidaknya mengurangi pengangguran 20rb jiwa,,...👍👍",0
2025-09-17T13:41:19Z,@mardiantikurnia3033,Uang negara manfaatkan untuk pelatihan kerja secara gratis supaya mereka yg nganggur siap kerja disemua sektor dari oada dimakan koruptor,2
2025-09-17T13:39:13Z,@mardiantikurnia3033,PA URUSIN SLTA YG PALING BANYAK MENGANGGUR,0
2025-09-17T13:25:33Z,@AminuddinSaleh-e4j,"Berhenti pajakin UMKM,biar bisa bantu ketersediaan lapangan kerja",0
2025-09-17T13:08:12Z,@Portraid_Land_M2734,"Kok para menterin pada dungu. Menganggap rakyat hanya mainan. Terus habis kerja magang gapain, sampai menikah magang terus???<br><br>ALTERNATIVE 1. <br>Negara butuh investor/dana cash untuk menggerakkan daya beli masyarakat.<br>Tetapi investor yg tidak memabawa TKA dan vendor dari negaranya seprti Tiongkok yg telah mematikan lapangan pekerjaan dan menghancurkan daya beli masyarakat.<br>KETIKA DAYA  BELI TUMBUH BARU USAHA NASIONAL BISA NERPUTAR DAN BUTUH KREDIT BANK.<br><br>ALYERNATIVE 2.<br>Tanpa investor, dengan dana 200 T, pemerintah perlu membangun industri industri ber basis eksport atau mengurangi ketergantungan import. Dengan syarat menggunakan sumber daya manusia Indonesia semaksimal mungkin mulai dari pembangunan sampai pengoperasian, termasuk vendor dan supplier.<br><br>BUKAN MEMBANGUN INFRA STRUKTUR SEPERTI JALAN TOL, BANDARA dll.<br><br>SEMUA SEKTOR HARUS BERGERAK, BUKAN HANYA KEMENKEU.",0
2025-09-17T13:07:00Z,@borneo4541,Sarjana gaji UMP<br>kalo SMA atau SMP dibawah itu donk ya<br>🤣,0
2025-09-17T13:02:55Z,@Malaka194,Kalau bisa jangan ada lagi guru honorer dimanapun mereka bertugas yang gajinya dibawah ump apalagi sampai dirapel pak.... Memalukan sebagai bangsa yang besar....,0
2025-09-17T13:00:19Z,@bolongganteng5931,"semoga hal ini bkn sekedar omong doang, hrs bisa di buktika",0
2025-09-17T12:56:17Z,@andrewshevcenko876,"Makin lama,, program2 para menteri malah semakin ngawur ..",0
2025-09-17T12:53:41Z,@IbenBeni-dc4iv,Jangan di percaya. Ini triknya para pejabat.,0
2025-09-17T12:52:29Z,@fitriyanto2015,Enak SE x....saya yang kerja SDH puluhan tahun aja upah dibawah UMK....dan pemerintah tidak perduli,0
2025-09-17T12:40:13Z,@HabbaFood,"Kasi modal usaha pak, 25 juta per keluarga, cuma2..kami juga lulusan sarjana yg nganggur..",0
2025-09-17T12:25:14Z,@arieflin1670,Program baru dgn masalah baru. Ujung ujung nya anda tau sendiri.,0
2025-09-17T12:23:41Z,@IriantiDewi-w4v,Lhoo pk bgmn nasib mereka yg sdh lulus lama tp blm dpt kerja<br>Tolong pikirkan nasib mereka pada umumx sdh pd berklg tp blm dpt kerja yg tetap<br><br>Klau yg baru lulus kebanyakan msh muda msh panjang jangkauan d banding yg lulusan sdh lama<br>KASIAN LHO YG LULUSAN LAMA BLM KERJA TOLONGIN DULU <br>DIDULUKAN YG LULUSAN LAMA <br>K A S I A N LHOOOO ❤❤❤,0
2025-09-17T12:21:48Z,@MulYono-y6l,Perusahaannya mana dari dulu pabrik ya itu itu aj .milik Orang Cina .mana milik  orang indonesia .Cuman rebutan Jabatan Doang,0
2025-09-17T12:20:03Z,@MartiniPadas,"Kami berdoa agar penjabat baru bisa di percaya dan mengabdi pada bangsanya dan negaranya,kami muak di jajah bangsa sendiri.yg hatinya kotor segeralah mengundurkan diri sebelum di hakimi rakyat.",0
2025-09-17T12:14:30Z,@suryadibaiturrahman8937,Nasib yg ga lulus smp sd sma gimana nasibnya pa?<br>Mereka juga anak bangsa yg butuh kehidupan layak dengan keterbatasannya 😢😢😢<br>Harusnya yg sarjana2 itu menciptakan lapangan pemerjaan pa dan dimodalin negara sesuai basic dan keahliannya masing2 jurusannya masing2😢😢,0
2025-09-17T12:13:12Z,@misdaryanimisdaryani3521,Itu udah pasti cara masuk pakai sistem keluarga titipan anak pejabat dan sogokan sebap menteri2 baru ini cuma bisa koropsi kerena masi baru udah banjak soktau belakangan nja nanti sama juga lebih buas koropsinja kalau rakjat miskin banjak2 ber doa biar tambah melarat sebap pejabat menteri jang baru lagi atur rencana bagaimana negara Indonisia NKRI rakjatnja tidak makan seluruh masarakat jangan tergoda  bembukaan cpns kita lihat rakjat sampai sekarang mana UU prampasan aces di sahkan DPRRI rakjat lagi perjuangkan UU prampasan aces miskin kan koropsi DPRRI  saudarah2 mari kita berjuang terus sampai di sahkan UU perampasan aces miskinkan tangkap koropsi koruptor tembak mati baru Indonisia pemerintahan DPRRI tidak berani macam2 lagi,0
2025-09-17T12:07:19Z,@Sukamto13-e9i,Gunakan anggaran pemerintah untuk buka lapangan kerja seluas2nya. Biar ga dikorupsi. Buka pabrik singkong kapasitas ribuan ton ditiap kabupaten dilampung utamanya Lampung Utara agar negara hadir jgan suasta sipit monopoli dan jajah negeri.,0
2025-09-17T12:55:05Z,@fitriyanto2015,Gudang garam saja bangkrut . .ribuan orang jadi pengangguran.....,0
2025-09-17T12:05:37Z,@indrihapsari4180,Semoga terlaksana ya <br>Sangat membantu anak anak muda yang baru lulus sekolah,0
2025-09-17T12:02:46Z,@endahadiati7981,"Lha kemarin si Sri itu ngapain aja ya ,",0
2025-09-17T12:02:09Z,@parkipku1274,Ini ckup bagus.....langsung berdmapak,0
2025-09-17T12:01:26Z,@PinoKio-y7g4u,anak magang boleh ikut korupsi gak?,0
2025-09-17T11:58:31Z,@Rumah-f5v,SALAM SEJAHTERA DAMAI....SEMOGA ANGGOTA DPR ATAU PEJABAT DI INDONESIA 75% BERSIH...KEMUNGKINAN INDONESIA BISA MENUJU DAMAI SEJAHTERA,4
2025-09-17T11:52:32Z,@suhartimawbergabungpakhaji9765,Tenaga  honorer tolong diperhatikan Pak dikasih gaji yg manusiawi... sekatang mereka ga digaji klwpun ada 100 rb sebulan...,0
2025-09-17T11:51:27Z,@tatoariyanto9132,"Heran saya.  Ternyata pemerintah bisa kenapa ngak dari dulu saja , malah bansos bansos bansos",0
2025-09-17T11:50:50Z,@Aminah05-di7vv,Semua lulusan Pak Presiden...biar adil Seluruh Rakyat sejahtera,0
2025-09-17T11:49:47Z,@RIKADELIMA,"serius ni,pemerintah,apa biar enak nya,didengar apa biar piral,serius bos.",0
2025-09-17T11:48:30Z,@BlackSlot-z1v,"Saya berharap ada magang buat lulusan SMA yg berbasis asrama.<br><br>Fokus bidang nya:<br><a href=""http://1.financial/"">1.Financial</a><br><a href=""http://2.marketing/"">2.marketing</a><br><a href=""http://3.data/"">3.Data</a> analis<br>4.Stem<br>5.Leadership dan manjemen",1
2025-09-17T11:48:25Z,@BlackSlot-z1v,"Saya berharap ada magang buat lulusan SMA yg berbasis asrama.<br><br>Fokus bidang nya:<br><a href=""http://1.financial/"">1.Financial</a><br><a href=""http://2.marketing/"">2.marketing</a><br><a href=""http://3.data/"">3.Data</a> analis<br>4.Stem<br>5.Leadership dan manjemen",0
2025-09-17T11:48:12Z,@marzukiahmad564,"Umr nya rp 250,",0
2025-09-17T11:47:48Z,@BlackSlot-z1v,"Saya berharap ada magang buat lulusan SMA yg berbasis asrama.<br><br>Fokus bidang nya:<br><a href=""http://1.financial/"">1.Financial</a><br><a href=""http://2.marketing/"">2.marketing</a><br><a href=""http://3.data/"">3.Data</a> analis<br>4.Stem<br>5.Leadership dan manjemen",0
2025-09-17T11:47:03Z,@rolidiah8511,(Nanya serius)di kota industri apakah ada magang anak SMK untuk PT,0
2025-09-17T11:45:08Z,@helindasusana7311,Trs yg udh lama lulus tp blm kerja gimana pak .. <br>Gk ditolongin jg ?,0
2025-09-17T11:42:01Z,@TamaBDT,Idea kurang cemerlang tuh Airlangga. Banyak akal.,0
2025-09-17T11:40:50Z,@ktitinarimaningsih2937,Bagaimana dg guru swasta paaaak....,0
2025-09-17T11:35:35Z,@aurelya3177,"pak Mentri,emang yg di utamakan s1 d 3 saja ya..yg lulusan sma gimana??",0
2025-09-17T11:31:00Z,@PakDjuwari-s5h,Yo daftar dulu to saudaraku  mencalonkan ketenaga perjalanan.,0
2025-09-17T11:29:20Z,@rumahbilik7513,Awas kalau bohong gua tabok lu...,0
2025-09-17T11:21:41Z,@Eyanggondrong131,Yang  SMA / sederajat  gimana boosss  ??<br>Magang  capres / dpr   boleh lho..<br>😂😂😂😂😂,0
2025-09-17T11:16:51Z,@AndraAlthaf97,"Wkwkwk.. Anggota DPR ngomong didampingi menkeu,, jgn sampai kena tikung.. Bagus pak menkeu,, klo dia nikung Gebuk aja",0
2025-09-17T11:15:03Z,@yanto3228,Mudah2an gak omon2 doang,0
2025-09-17T11:04:49Z,@sakiyo785,Kalau rakyat di permudah sudah tentu rakyat akan patuh pada hukum. Percayalah rakyat dengan potensi yang ada agar rakyat mampu membangun bangsa dengan sebaik-baiknya baiknya jadi lah pejabat yang peduli pada bangsamu dan rakyatmu karena majunya dan makmurnya rakyatmu maka pejabat juga akan makmur dan sejahtera.buatlah regulasi yang mudah junguk semua rakyatmu jangan hanya mempermudah untuk kalangan elit dan konglomerat sehingga menimbulkan jurang sosial yang membuat kecemburuan sosial hingga menimbulkan kebencian dan akhirnya akan selalu membuat gejolak sosial hingga banyak kejahatan yang gak semestinya ada di negeri yang kaya raya ini.. Buatlah regulasi penyerapan tenaga kerja tanpa adanya batas umur kasihan yang umurnya sudah tua mereka juga butuh kerja buat menghidupi dirinya sendiri dan keluarga.sekali lagi jangan batasi usia kerja karena mereka yang berumur 40 tahun ke atas kebutuhan nya semakin banyak dan sementara  bila di batasi umurnya mereka akan akan menderita karena negeri ini belum melakukan jaminan sosial dengan baik untuk usia yang sudah tua.. Semoga bermanfaat.. Salam perubahan menuju Indonesia sejahtera bagi sekuruh rakyat semuanya..,1
2025-09-17T10:56:19Z,@DarwisDarwis-e5l,Docter muda itu masa kerja2 docter tdk digaji msh kyk jaman belanda itu IDI kemana saja cadet pelayaran saja praktek dpt uang saku bhkn gaji,0
2025-09-17T10:52:25Z,@EfendiPen-hv1bc,Program yang berm@nfaat.... Di umumkan secara jelas @gar masyarakan tahu kapan dimulai pendaftarannya    .. ❤❤❤❤❤,1
2025-09-17T15:21:26Z,@maryati2225,Hati hati jg nanti di manfaati di daerah cari kerja pake bayar,1
2025-09-17T10:41:57Z,@DanaAkbar-mf5mr,Semoga lancar program nya tanpa kendala yg berarti.... Gass,0
2025-09-17T10:27:59Z,@arisset975as,😂 ujungnya bayar nyogok prioritas,0
2025-09-17T10:12:12Z,@aisyahanifah5592,Untuk semua usia pak mentri..jngan dibatasin dg  usia..yg penting yg nganggur..yg blm punya pejetjaan tetap..hrs tetserap semua...demi.mewujudkan indonesia maju.indonesia emas..rakyat srmua sejahtra.. 🤲🤲👍👍👍❤❤❤,37
2025-09-17T10:34:06Z,@idalhena650,"Disebut lulusan baru, mungkin buat yang belum punya pengalaman kerja",0
2025-09-17T23:58:57Z,@rusbandiarip8045,"Hayo pabriknya atau kantornya di kayangan 😂😂😂😂, cuma omongan tapi tak menyertakan alamat kantor atau perusahaan serta instansi apa",0
2025-09-18T01:19:48Z,@herusetiawan-vl9sz,Aamiin,0
2025-09-18T01:36:07Z,@sukanto_4485,usia 90 juga boleh,0
2025-09-18T05:32:04Z,@mujisuharyanto4146,"Keterangan nya lulusan terbaru  maks 1 tahun,,, berarti muda dong  sekitar  usia 20 Th,,, untuk S1",0
2025-09-17T10:10:55Z,@abahdion2493,Nah ini baru bener untuk meningkatkan daya beli. Dan lebih baik lagi digeser ke daerah setingkat propinsi untuk melaksanakan scara mandiri program padat karyanya.,0
2025-09-17T10:04:30Z,@mochridwan5353,Mantap pak..,0
2025-09-17T09:53:40Z,@ketutgunada4856,"Pak Menkeu idenya CEMERLANG, MANTAP.Pertanyaannya...KENAPA BARU DIANGKAT MENJADI MENTERI..???",0
2025-09-17T09:51:45Z,@oyam1702,Jika benar dan terealisasi dg lancar akan sangat membantu 20.000 orang pemagang. Lumayan,0
2025-09-17T09:50:16Z,@khotijahsuprapti1695,"Alhamdullillah Akhirnya... Lulusan sarjana ada kesempatan untuk berkerja di dalam negeri, trims Pak Purbaya❤❤❤",0
2025-09-17T11:03:01Z,@LiliYa-g2d,Kabur aja bos keluar negeri..masih mending..anak saya sma langsung saya kerjakan ke jepang..lumayan masih bisa nabung 5 sampek 7 juta perbulan...banyak temanya sarjana dari ugm unbraw juga kerja pabrik pengolahan makanan..klo beruntung sarjana bisa jadi staf gaji bisa 30 jutaan...,0
2025-09-19T11:09:23Z,@asdsah-x1r,​@LiliYa-g2d gimana cara nya kak?,0
2025-09-19T11:30:37Z,@LiliYa-g2d,Itu foto anak saya..saya usia sdah 53 tahun😂😂😂..kan banyak mas atau mbak..lpk lpk swasta..di jawa..saya mendaftarkan anak saya lewat lpk nur hidayah tulungagung jawa timur...ltanya aja di goegle lpk di jawa...lpk itu pwndidikannya belajar dulu bahasa jepang di.lpk..anak saya belajar 7 bupan baru ikut ujian jpt N4 di surabaya..bila lulus melanjutkan lagi SSW itu keahlian kusus..misal.keahlian keperwatan..pertanian..pengolahan makanan..perikanan..perhotelan .bangunan..banyak jurusan terserah maunapa keahlianya..itu ditempuh selama 2 bulan..lalu ujian sesuai.keahliannya di surabaya..bila lulus..menunggu ada lowongan dari perusahaan jepang..biasanya lpk jepangnya yg mencarikan..bila ada ikut interview..bila lulus menungu pengurusan paspor..surat surat biaya dsb..sekitar 2 bulan..itu bila lancar..semua tergantung anaknya.. belajrnya dan tingkat kecerdasanya..ya sperti sekolah itu klo lulus ya kerja klo gak lukus yavterus belajar lagi..ikut ujian lagi...bila lancar ya 1 tahun bisa dapat pekerjaan...saya habis biaya sekitar 50 sampet 60 jutaan..itu mulai daftar lpk jepang sampek biaya ujian..sampek visa kerja ..pasfor..pesawat..sampai di jepang..dan biaya hidup dijepang selama belum dapat gaji...semua itu kan tergantung niatnya masing masing..bila masih nganggur kan lebih baik keluar negeri..sperti jerman..australia..arab saudi..taiwan..korean hongkong..yabpokok negara negara maju..jangan maunklo ada lowongan ke kamboja..vietnam..thailan..itu negara kan masih sama levelnya dngbindonesia...oke​@asdsah-x1r,0
2025-09-17T09:25:31Z,@vetraketaren9155,hah byk omon omon semua.,0
2025-09-17T09:21:47Z,@Sinarmah,"Yg udah bekerja 7th pak,tolong di bantu,lebih baik yg udah pengalaman kerja",0
2025-09-17T11:13:57Z,@LiliYa-g2d,Udah kerja masih mau minta kerja serakah amat sih bang😂😂😂,0
2025-09-17T09:12:35Z,@RahmatagusSuhermanto,"Masuuuukkkk, ini baru komendan,,, bu Sri dulu ngapain aja ya...",0
2025-09-17T09:03:11Z,@bonengbarerabarera2121,"Kalau yg ngk mau biarkan sj biar, biar begitu sj😁",0
2025-09-17T08:55:48Z,@pudjiantoum8583,YG BARU LULUS MAGANG YG UDAH LAMA LULUS LANGSUNG KERJA.,0
2025-09-17T08:46:04Z,@juwatijuwati7478,Semoga usaha bapak d rdjoi Alloh amiiin,0
2025-09-17T08:45:34Z,@SriBiyati-b2k,"untuk S1 yg sudah 10 th hanya gaji UMR gimana ini Ndak ada kemajuan klu Ndak di kasih kesempatan . udah ikut CPNS 5x , nglamar PLN , PERiKANAN ...zonk semua . sekarang gaji 3jt / bulan ,",0
2025-09-17T11:30:49Z,@LiliYa-g2d,😂😂😂😂 anak saya lulus sma udah 4 tahun kerja di pabrik pengolahan makanan..dulu lansung saya kursuskan bahasa jepang 1 tahun lulus ujian lowongan pabrik dijepang ..saya odal habis 6 jutaan..lumayan gak sampek 1 tahuh udah lunas..gaji pabrik 23 juta masih lumayan bisa nabung 7 sampek 10 juta perbulan..asal ngirit..udah bisa beli tanah di desa..temanya banya ko sarjana ugm..unbraw..unair..kerja di jepang...sama ada yg pertanian..perikaan bangunan..asal kuat dan di siplin..yg penting dijepangbitu bahasa nya baik..kan banyak to tki indonesia di jerman..di australia..di korea..taiwan..kabur aja bos😂😂😂,0
2025-09-17T08:29:10Z,@maskunahkunah2671,La nanti kalau udh lulus magang ny gimana pak?,0
2025-09-17T08:24:11Z,@fettysyuryati1039,Anakku Sarjana nganggur nh...cari kerja susah hrs ada uang nya.,0
2025-09-17T08:13:44Z,@ika2664,Biasanya banyak janji..yakin sekali..tapi sebaiknya ucapkan saja.. InsyaaAllah.....,0
2025-09-17T08:04:26Z,@nagatimur_99,"Mau yg baru lulus atau sdh lulus, yg jadi masalah itu para pemilik usaha kebanyakan tdk membayarkan gajih sesuai UMP",0
2025-09-17T11:05:29Z,@LiliYa-g2d,Mending kabur kwluar negeri bos..anak saya sudah 4 tahun di jepang di pabrik...di desaku pemuda udah habis..sarjana kentaiwan..korea..jepang..jerman...rata rata sukses semua...nunggu di konoha keburu udahbtua..😂😂😂,0
2025-09-17T08:02:37Z,@lilikwahyudi7120,Mantap.klo bukan dari golongan persatuan koruptor Indonesia pasti mau bikin Indonesia maju dan rakyat sejahtera,0
2025-09-17T07:59:20Z,@bambangwidodo6842,Mantap langkah tepat pak,0
2025-09-17T07:54:55Z,@semobkenjiro8249,program program lagi 😅 duit duit lagi 😅,0
2025-09-17T07:49:17Z,@ariywibowo6635,"Mirip mirip australia, lulus kampus langsung d siapin t4 dan jaminan magang 3 tahun untuk nambah pengalaman",0
2025-09-17T11:16:37Z,@LiliYa-g2d,Mwnding magang aja dinjeoang banyak...gaki masih bisa lah nabung 3 sampek 5 juta perbulan..anak saya sudah karyawan tetap gaji 23 juta di pabrik udah 4 tahun..kabur aja ...luar negeri banyak lowongan asal bahasa nya baik ..ya sperti di australia ...,0
2025-09-17T07:37:49Z,@didikmawardi4659,Ini kalo benar-benar.. Josss ini,0
2025-09-17T07:33:24Z,@sukirahirah2254,Jangn cm yg lulusan baru aja pakkadihan yg lulusan lama jg blm PD kerja pak anakku jg,0
2025-09-17T07:29:12Z,@GugunGunawan-vn8gg,parah sumpah dari dlu carinya yang baru lulud sekolah 😢udh umur 25 sulit cari kerja😢,0
2025-09-17T07:16:34Z,@arifwidarbo1798,Menyala abangku,0
2025-09-17T07:14:24Z,@Bohariari-x5m,"Gqlakan lagi di desa2 padat karya jangan pakai kontraktor lewat dana desa untuk mempekerjakan warga3 sekitar yg tidak kerja itu wajib memanfaatkan warga sekitar karena klo pakai kontraktor mereka bawa tenaga kerja dari luar jadi ekonomi wilayah tersebut ekominya tidak memutar di wilayah itu ini saran sy untuk pak prabowo,klo menghidupkan kembali padat karya di jamin ekonomi daerah akan hidup,selama ini banyak proyek2 di desa karena yg kerja bukan warga2 sekitar",2
2025-09-17T07:05:58Z,@elydewi7406,"Kebijakan yg tepat, untuk mengurangi angka penggangguran .",0
2025-09-17T06:52:52Z,@fahryibnu-i3p,Jadi menko cuma penggembira doang gak ada visi 😂,0
2025-09-17T06:42:16Z,@inutri8392,Apa ini benar ya..semoga ..,0
2025-09-17T06:18:51Z,@akangteteh1589,Kalau guru honorer mulai TK gimana pak,0
2025-09-17T06:18:10Z,@DjafarMuhamad,Awal yang sangat menggiurkan....gak respect sama yang sebelah manusia full kasus !!!😊,0
2025-09-17T05:55:39Z,@iqitok3918,"Kata Orang Dulu.. Gpp saya sekarang menderita yang penting Anaknya bisa Sarjana, pas anaknya udah Sarjana, ternyata lebih menderita dengan tidak adanya lapangan pekerjaan.. Woalah le&quot; Mending ket biyen awkmu tak kon Angon Sapi ae.. 😅😅😅",1
2025-09-17T10:59:26Z,@LiliYa-g2d,Anak saya sarkana dulu ker di pabrik..gaji umr..modalnkuliah habis jualbtanah..sekarang sudah kabur ke jepang kerja di oabrik pengolahan makanan...temwnya juga sarjana kerja di BANK TITIL..ATAU BANGK PLECIT..ATAU BPR..masib nasib rakyat kita..😂😂😂,0
2025-09-17T11:20:27Z,@iqitok3918,"😅.. Begitulah nasib, tp Gpp di syukuri saja nanti kalo gak ada pendidikan tinggi juga malu mau dekat ini itu. Jadi gk usah di Sesali terus smngat demi Keluarga, ​@LiliYa-g2d",0
2025-09-17T05:52:16Z,@SupriYono-x5r8c,Rekrut sebanyak m7ngkin calon TKI dan beri dana talangan yg harus mereka kembalikan nanti setelajh bekerja di luar negeri...pak,0
2025-09-17T11:22:34Z,@LiliYa-g2d,Anak saya udah 4 tahun bos..kerja TG di pabrik oengopahan makanan..dulu lulus langsung kursus bahasa jepang 1 tahun tes lowonga pabrik jepang lolos..gaji 23 juta..masih lumayan pokok ngirit..masih bisa nabung per bulan 6 sampek 8 jutaan..klo ada lembur bisa lebih..di lpk jepang habis biaya 60 jutaan..ada program magang di jepang  ..gaji sekitar 15 juta..masih bisa lah nabung 3 jutaan..namanya kan magang beda dng TG...KABUR AJA DULU...😂😂😂,0
2025-09-17T04:41:30Z,@RooneySyah,Terbuai rakyat dgn OMON koson pejabat..utk memulihkan keadaan...,0
2025-09-17T04:29:00Z,@yantisobaryantiny8570,Setuju... lanjutkan semoga secepatnya terealisasi ❤❤❤,1
2025-09-17T04:26:52Z,@dedisumitomo9527,Dana KUR tolong di aktipkan lagi sekarang nih susah dapat pinjaman di BRI kalau ada pun bunga nya sampe 10 persen,0
2025-09-17T05:22:41Z,@VanessaZaahir,Apa iya kak ag dah 9 tahun kur masih aktif kok bunganya juga rendah malahan ini dah mau ngajuin lagi,0
2025-09-17T06:06:59Z,@dedisumitomo9527,​@VanessaZaahirkemarin saya pengajuan 30 JT harus ada jaminan sertifikat tanah belum bunga nya besar banget,0
2025-09-17T04:16:11Z,@marsianatunik5850,Yang udh lama lulus juga pak kasih sekolah tinggi dan udh ngeluarin biaya bnyk malah nganggur.,0
2025-09-17T11:11:44Z,@LiliYa-g2d,Anak saya setelah lulus sma langsung kusrsus bahasa jepang..sudah 4 tahun dijepang kerja di pabrik..gaji 23 juta ..lumayan masih bisa nabung 7 sampek 10 juta..perbulanya..banyak temannya sarjana dari unbraw..ugm..sama ..gaji sama..kerja di pabrik pengolahan makanan..adavyg perawat lansia..4 tahun udah lumayan bisa bikin runah belibtanah...kapan konoha bisa beli rumah..kredit montor aja lunas 3 tahun..di konoha sarjana gaji umr..kabur aja saran saya..ke jerman kah..korea..taiwan..negara negara maju..yg penting harus bisa bahasa nwgaranya..😂😂😂,0
2025-09-17T03:59:17Z,@NunukKaryantin,Maanntapp..smoga bnar2 terwujud ya allah<br>.,0
2025-09-17T03:47:23Z,@setyowahyuningsih-j5m,Tiap daerah masing2 diberikan kesemparan program ini agar tdk berjuble menghindara hal yg tdk diinginkan,2
2025-09-17T03:46:34Z,@braskabkakab3769,"Glontorkan subsidi modal bagi pengusaha swasta bawah, dgn disertai bukti punya jenis usaha bersurat dari desa. Jika rakyat bawah punya modal usaha.maka kehidupan ekonomi akan berjalan. <br>Diluar negri pengangguran saja bisa dibayar.masak di endonesa org berusaha dpt modal subsidi tdk bisa.  TP AWAS JGN SAMPAI DIKORUPSI PENGGELONTORAN DANA OLEH APRTUR YG MENANGANI.",14
2025-09-17T03:43:46Z,@abdulroufyahyaarya5607,sri mulyani menkeu sombong.,0
2025-09-17T03:40:58Z,@NenekRaka-y3l,Berarti hidupkan lagi tu balai balai pelatihan dulu dibawah Depnaker  setuju pak hehehe dan jaga pabrik pabriknya jangan sampai bangkrut lo,0
2025-09-17T03:38:48Z,@triamumpuni6016,"nitip anak saya baru lulus tahun ini, masih magunggur dan udah masukin lamaran blm di panggil",0
2025-09-17T11:24:22Z,@LiliYa-g2d,Ikut lpk so magang dijepang aja bos...,0
2025-09-17T03:29:46Z,@TigerNsr,Utamakan dulubyg cuma tamatan SMA/ smpe dan SD. Ribet amat. Jumlahnya ngga kira kira.,0
2025-09-17T03:26:58Z,@irsupardi9416,Allhamdulillah menura gi pengangguran indonesia aman dan sejahtera,0
2025-09-17T03:25:17Z,@DarWanti-v4e,Kenapa gak kepikiran dari kemarin &quot;pak didemo baru bisa mikir😢😢😢,0
2025-09-17T05:19:11Z,@VanessaZaahir,Lah kan jadi mentrinya juga baru saja kemaren2 beliau ngak ounya kewenangan untuk itu,0
2025-09-17T02:45:13Z,@dahniarbutet,Benar ga sih berita ini....?<br>Takutnya omon2<br>Padahal kita udah senang banget,0
2025-09-17T02:24:46Z,@fatmifauziah7812,"WAHAI PEMBUAT KEBIJAKAN☝️<br>JANGAN TIDAK ADIL!!!<br>PERLAKUAN TIDAK SETARA!!!<br>DALAM PANDANGAN PENERIMAAN PROGRAM MAGANG.<br><br>BERILAH KESEMPATAN UNTUK GENERASI BANGSA, <br>PEMUDA PEMUDI KITA<br>YG BERTAHUN2 MENGGANGGUR<br>UNTUK MENDAPAT PEKERJAAN <br>YG SELAMA INI..<br>TIDAK PEMERINTAH PERDULIKAN!!!<br>TIDAK PERHATIKAN!!!<br>TIDAK NEGARA RANGKUL MEREKA!!!<br><br>TINGGALKAN BUDAYA PILAH PILIH<br>JANGAN MERACUNI HATI RAKYAT<br>DENGAN PERBEDAAN SIKAP!!! <br>WAHAI KALIAN PEMBUAT KEBIJAKAN DAN PEJABAT PELAKSANA☝️<br>🤝NKRI✊️",0
2025-09-17T02:13:56Z,@amrizalamrizal4220,Berharap k pemerintah siap2 kcewa minta lah kpd allah sbaik2 pelindung,0
2025-09-17T02:08:54Z,@Diks-c6c,Lulusan SMA sederajat gak usah byk berhayal utk dapat kerjaan yg halal ya....😂😂😂😂😂,0
2025-09-17T02:03:05Z,@MeidunrolionoMeidunrolio-tm1ru,"Kerja AP d mana lokasinya ap saratnya mendaftar,jangan ngga jelas infonya pak.",0
2025-09-17T01:43:08Z,@sopiansupriyadi8885,"Ga punya sodara pejabat ,, gimana cara masuknya 😂😂😂😂 salm templ kali ya😂😂😂",0
2025-09-17T01:38:39Z,@suryanaraharja3106,"Ini baru gebrakan, benar jangan sampai hoax",0
2025-09-17T01:36:28Z,@SumiatiSumiati-t9q3b,"Pokus SJ SMA yg d tuntut sama masyarakat,Bru bikin program Ono dan itu,KLW SDH tuntutan KMI d sahkan dengan sendirinya,akan berjalan baik",0
2025-09-17T01:21:07Z,@hahahihihi-l5n,Tolonglah batas usia sampai 40thn. Yg sudah berumur jauh lebih butuh,0
2025-09-17T01:00:18Z,@josephineharsteen5729,Tapi klu yg kyk gini pasti desak desakan itu JD hrs ada yg mengatur pake nomer dan hrs dibagi tempat antrinya,1
2025-09-17T00:53:13Z,@sitimuanah1663,"Semoga beritanya valid tdk omon omon, buktikan jgn hny janji",3
2025-09-17T00:11:59Z,@Wasutiyo,"Bagus nih, kalo blt buat yg tua aja yg udah sepuh, kalo yg masih muda suruh magang aja jadi keahlian, keterampilan, tatakrama ditempat kerja dan pengalaman bertambah,",0
2025-09-16T23:34:31Z,@liliane.p.9685,"Jangan yang baru lulus saja, pikirkan jugalah yang sudah lulus beberapa thn tapi menganggur.!!!",56
2025-09-17T06:16:12Z,@BilqisAlfirdaus-m6q,"Bertahap mbak.....g bisa bim salabim..,... Bersyukurlah Krn program SPT ini g ada d pemerintahan sebelumnya.....ataundi jaman menteri Srimuliyo atau Sriminggato Kono aku ORA urus Kowe maneh.....wkwkkwwkw😂😂😂😂",4
2025-09-17T06:16:19Z,@MurdiSusanto,😂😂😂 sudah nganggur maksa lagi 😂😂😂,2
2025-09-17T06:29:37Z,@HeriRianto-l6d,Usaha bos.... Jgn hidup banyak ngegantung ma negara... Otak dipakek.,4
2025-09-17T09:40:01Z,@rinisatata6675,​@BilqisAlfirdaus-m6q😂😂😂😂,0
2025-09-17T10:30:39Z,@trimoae4452,pelan² pak sopir,0
2025-09-16T22:43:30Z,@wahyufantari3444,1.9 jt lapangan kerja ja lom ada wujudnya wapres ngomong langsung..apalagi ini...bangunlah semua jangan mau dininabobokan teruss,1
2025-09-18T15:05:28Z,@ilhamabdillah4930,Lu tau proses gak bro?? Semua perlu proses bro jangan apa2 lu minta instant terus diturutin langsung.. orang dah bener kerja masih aja lu protes😂<br>Kek nya lu sndiri deh yg otaknya kaga bener😂,0
2025-09-16T22:00:39Z,@arbidimyati1956,"Ada yg lebih penting, turunkan syarat dua tahun pengalaman kerja untuk calon ASN. Berkompetisi saja.",0
2025-09-16T20:14:33Z,@DioAryaputera,Alamat untuk tempat magang dimana? Jgn jgn cuma omon omon aja,0
2025-09-16T14:49:29Z,@LestyTambiyo,"Perekonomian dan kebutuhan pokok tolong di stabilkan dulu pak, banyak orang GILA DI INDONESIA BUTUH MAKAN. JANGAN NANTI GILA GILAAN KALIAN LAGI LAMA².",0
2025-09-16T14:40:09Z,@pakadi3762,Hanya isu /beneran tuh<br>Jgn&quot; cmn konten doang,0
2025-09-16T14:36:30Z,@zorrobro7367,Ia gajinya 350ribu 1bulan.kerja dri jm7 sampe JM 3.<br>Dipulau Kangean sumenep banyak yg gitu. Kuliah ke Surabaya perbulan hbis 3/ 4juta giliran kerja dpat350.<br>Apa g penghinaan namanya.<br>Indonesia memang hebat,0
2025-09-16T21:52:31Z,@asepsupriadi9664,😂😂😂... mendingan jualan cilok sehari dapat 350k IDR,0
2025-09-17T05:21:20Z,@VanessaZaahir,​@asepsupriadi9664itu dulu kak sekarang jualan juga susah ..ag dulu oukuhan taun julan jam 3 sore pulang jam 9 malam dah dapet 300 k bersih..sekarang akhir2 ini nyari 100 k aja tegang terus harao2 cepas,0
2025-09-16T14:35:10Z,@AhmadAhmad-rj1ji,Muda2han cara masukx gk ada sistem keluarga dan sogok para penyelenggara,5
2025-09-17T00:40:48Z,@samsulalam1402,"Hari gini di Indonesia tanpa KKN ?, mimpi di siang bolong bro 😂😂😂😂",0
2025-09-16T14:16:55Z,@donnametta8049,Yg jelas dong infonya kmana utk ngelamarnya transparan dan detil infonya kan mau kasihinfokan ke anak dan ponakan..jgn info umum dan hrs adil jgn nepotisme pake org dalam,0
2025-09-16T10:21:12Z,@yuliusgarrelejo2058,Setuju pak kalau ini benar2 terlaksana jangan sampai hanya HOAX,3
2025-09-16T08:30:06Z,@YohanesAlvaro-t2o,Itu salah satu menyedot pengangguran....PROGRAM MAGANG,1
2025-09-16T06:04:40Z,@HartiniaNia,Masya Allah tabarakallah,0
2025-12-27T15:24:12Z,@agusmulyadi7849,"Terimakasih bpk presiden, Alhamdulillah anak sy baru lulus dpt di bach yg kedua, dan udah gajian sesuai UMR DKI",0
2025-12-18T10:04:40Z,@NelesMamoribo,Terima kasih bapak Presiden dan menteri tenaga kerja,1
2025-11-21T08:18:40Z,@WalsiniBanjarmangu,anak saya alhamdulillah lolos hari in magang di rutan daerah saya,0
2025-11-07T12:11:41Z,@kolum21197,Sktl gak bisa😢<br>Ijazah belum keluar,0
2025-11-09T03:44:45Z,@bukanmanusiabukanmanusia4172,Bisa,0
2025-10-20T13:28:12Z,@denirafid6548,😂😂😂😂😂 NGACO CUMAN BUAT FRESHGRADUATE,0
2025-10-20T13:25:49Z,@denirafid6548,Bagaimana dengan yg sudah lulus sejak 5 tahun yang lalu apakah tidak ada lagi kesempatan?,0
2025-10-19T12:53:15Z,@sari6464,Ga pada belajar dr proyek infrastruktur y yg vendor2nya aja pada bangkrut gara2 ga dibayar smpe2 bumn nya kolaps n disuntik mati supaya bisa lepas tangan dr tanggung jawab yg udh bikin sengsara org hadehhhhh. Inget n liat noh produsen alat pertanian yg udh dikibukin mukidi ampe bangkrut????,0
2025-10-19T12:49:15Z,@sari6464,"Rp.3,3juta klo yg magang suru keliling cari nasabah sama jg boong. Klo cm duduk dikantor ketak ketik ngarsip2 ya uang segitu aman jd take home pay. Lah klo ongkos kesana kemari cari nasabah ya habis dong wat ongkos n makan di jalan",0
2025-11-09T03:45:49Z,@bukanmanusiabukanmanusia4172,Sesuai yang dilamar,0
2025-10-18T20:12:20Z,@nanarukana9494,KIRAIN YANG SMK BISA😢😢😢,1
2025-10-18T09:28:15Z,@abdullahsos9611,"MAGANG NASIONAL 2025 MOHON PADA PAK PRABOWO SEBAGAI PRESIDEN YG MENGEPALAI SEMUA INSTITUSI/ LEMBAGA NEGARA JUGA BERTANGGUNG JAWAB <br>PADA SELURUH RAKYAT KHUSUSNYA SARJANA LULUSAN 2025 KEBAWAH MEMBAWA SIFAT DISKRIMINASI PADA LULUSAN DIBAWAH THN 2025 LULUSAN SARJANA S.1 DIANAK TIRIKAN PADAHAL SARJANA LULUSAN DIBAWAH THN. 2025 JUMLAHNYA BANYAK SEKALI YG MASIH NGANGGUR BLM DAPAT KERJAAN, SEHARUSNYA BERSIKAP BIJAK,  SARJANA YG LULUSAN DIBAWAH THN 2025 DULU DIREKRUT , AGAR TDK LAMA- LAMA NGANGGUR, KASIHAN......",1
2025-10-18T08:00:48Z,@RUSNIADI-zp7z,Program bagus  inii,0
2025-10-16T15:05:51Z,@Isnani-p7r,Ya Allah anak saya secepatnya mendpt pekerjaan,0
2025-10-15T13:56:17Z,@tiawa7690,Tolong dong <br>Untuk yg udh 2 tahun lulus S1 atau lebih  <br>Butuh kerja juga <br>Udah banyak di usahakan lamar sana sini <br>Belom dapat juga,0
2025-11-09T03:47:06Z,@bukanmanusiabukanmanusia4172,Turunin ekspetasi kak <br>Jadi operator produksi aja <br>UMR ataupun belum asal kerja cuman andalin ijazah susah,0
2025-10-15T10:56:24Z,@sanny5979,Yg usia 40 an gmn ini yg masih produktif...gk ada kah inpo nya,0
2025-10-15T10:46:13Z,@syamsuardibuya5371,"Ngak adil,yang lulus lebih 1 tahun keatas gimana apakah ada solusinya",0
2025-11-09T03:47:41Z,@bukanmanusiabukanmanusia4172,Kan fresh graduate,0
2025-10-15T06:07:03Z,@NurRohmawati-pb7ft,"Buat gebrakan pak seperti pak Purbaya. Anda sama2 alumni ITB, menteri ketenagakerjaan  kok melempem.",0
2025-10-15T02:55:25Z,@misliabulian1874,Sangat disayangkan serjana yg sudah lima empat th  masih banyak yg masih ngangur pak kasihan mareka sudah punya istri tapi blum kerja peraturan pamarintah harusnya yg sudah lama di beri kesempati jugo.,0
2025-10-15T00:29:02Z,@SaletukGroup,"Bohong, katanya terakhir 15 Oktober ternyata tidak bisa daftar nya.",1
2025-11-09T03:48:19Z,@bukanmanusiabukanmanusia4172,Jangan di entar entar,0
2025-10-14T15:06:10Z,@kurokiojisan,"Jangan hanya yg baru lulus aja pak, katanya no syarat usia",0
2025-10-14T13:22:34Z,@LBORO-g8v,Pak kasian yang lulusan lama juga butuh pekerjaan harus adil kebutuhan itu penting buat bayar pajak bayar cicikan motor cicilan rumah cicikan yang lainnya mantaap rakyat sejahtera,2
2025-10-17T11:52:20Z,@Muhammad_Hanif_M,Masalah patokan tahun ijazah anggap diskriminasi,0
2025-10-14T12:35:00Z,@cahlaut9590,Lalu apakabar yang hanya lulusan smp,0
2025-10-14T10:52:08Z,@ayuastuti3612,"Jangan untuk yg baru lulus saja, yg sdh lama lulus juga banyak jadi  pengangguran",1
2025-10-14T07:40:15Z,@ahmadsubki2505,Mending kerjo ke luar negeri aja gk ribet gaji besar contoh saya cuma lulusan SMP bis kerja ke Polandia dengn gaji 20 JT perbulan .di sini paling gaji umr,1
2025-11-09T03:50:17Z,@bukanmanusiabukanmanusia4172,Ya silakan aja mas tidak ada melarang hidup hidup mu tapi berhati hati aja korsel aja ada yang ketipu tau tau ke kamboja,0
2025-10-14T06:33:54Z,@WarsiAdi-iy5cv,Lubang kKN sperti Prakerja yg TDK tpt sasaran.,0
2025-11-09T03:50:54Z,@bukanmanusiabukanmanusia4172,Prakerja gw yang masih kuliah semester 2 dapat 2.5 JT 😂,0
2025-10-14T04:44:32Z,@cenicenia,"ini buat mahasiswa aja, sementara   sma..smk nya mau kemana",1
2025-10-15T10:11:53Z,@beautifulperson01,Magang aja mininal harus D3 lah dpr lulusan sma boleh,0
2025-10-16T06:57:31Z,@Adicand255,"Katanya November nanti buka lagi untuk batch 2 ,katanya tempat mangang lebih bervariasi dan cakupan serapan lebih luas juga",0
2025-10-14T04:39:38Z,@cenicenia,magang hanya untuk mahasiswa aja,0
2025-11-09T03:51:09Z,@bukanmanusiabukanmanusia4172,Tepat nya baru lulus kak,0
2025-10-14T00:03:04Z,@anakkampung4556,Bayar org dalam nya 10jt hahahha,1
2025-10-13T23:54:52Z,@AcilSari-m5y,Kartu prakerja kemarin buat ap ya?,0
2025-10-13T23:39:38Z,@sumbito4936,Ladang baru untuk pebisnis yang......?<br>Tetep lah pesimis jika anda tidak punya kolega.<br>Saya sudah 50 tahun sudah melewati program yang di janjikan oleh pemimpin negeri ini. Hasilnya.....😁..<br>Lebih baik cari rejeki semampunya.,0
2025-10-13T14:37:14Z,@herunding861,Yg honorer nyata2 udh bisa bkerja dn berpengalaman gajinya ngg sampe UMK/UMP...lah Magang bru lulus dan belum pernah merskan pengalaman Dunia Kerja digaji sebesar itu...??? baru Durasinya cuma 6 Bulan..?? emang anak2 muda hidupnya cuma 6 Bulan ya...sediakan lapangn pekerjaan itu yg lebih utama agar Rakyat hidupnya lbih jls lagi..Jgn smpe Pkerjaan Pokok dgn menyediakan lapangan pkerjaan dilupakan malah pkerjaan sampingan yg Magang yg smentara ini di fokuskan.,2
2025-10-14T10:50:25Z,@ayuastuti3612,Betul,0
2025-10-13T14:16:38Z,@PutriCemani,Lulusan SMK kljnutan nya gmna,2
2025-10-13T14:15:40Z,@PutriCemani,Kalau udah kerja tpi cuma kontrak bagaimana kljnutan nya,1
2025-11-09T03:52:09Z,@bukanmanusiabukanmanusia4172,Sesuai perusahaan perpanjangan lagi atau PKWT ATAU PKWTT malah <br>Tergantung hoki milik aja😂,0
2025-10-13T14:12:41Z,@anakanak-p2c,Jangan buka magang gak penting coba lah chek perusahan perusahaan yang prospek di desa dan perusahaan tersebut kekurangan biaya dan tidak bisa keluar produksinya maka bnyak PHK masal,3
2025-10-13T14:10:38Z,@FuLan-j8t,Br lulus yg udh lama lulus g butuh duit 😅.. justru yg lulus lama nganggur beri kesempatan jg,4
2025-10-13T13:49:18Z,@nanilaliasa1,program apalagi nih.pensiunan semakin menderita,1
2025-10-13T13:30:54Z,@awan7698,Yang SMA dan SMK bagaimana,4
2025-10-13T12:17:39Z,@tilikhatitelaumbanua6453,Semoga anak saya bisa mendapat magang,1
2025-10-13T12:38:03Z,@marwanerawan9297,Amiin,0
2025-10-13T11:32:11Z,@lola_lolipoppp,Smk kaga bisa y😢,1
2025-10-13T13:04:05Z,@ryukendo4489,"Ga bisa, pemerintah tidak adil kayaknya",1
2025-10-13T11:08:33Z,@sarbinhoreb5685,Pemerintah harus buka pelamaran penerimaan CPNS,5
2025-10-13T11:01:40Z,@ryukendo4489,"bagi lulusan SMA seperti saya pengen ikut tapi ga bisa, karena program ini hanya untuk lulusan perguruan tinggi",3
2025-10-13T12:41:12Z,@marwanerawan9297,Semoga kedepanya ada program untuk umum. Supaya yang lain juga dapat kesempatan yang sama.,1
2026-01-14T05:11:15Z,@R2Store-u2f3n,"Korban kebijakan pemerintah yg ngk mampu menciptakan lapangan kerja terpaksa SMA,SMK,jdi pejuang devisa selanjutnya jaminan hari tua mohon di perbijak kembali untuk anak bangsa",0
2025-12-27T15:16:44Z,@agusmulyadi7849,"Alhamdulillah.anakku udah sebulan magangnya dan udah dpt gaji sesuai umr dki, terimakasih pak presiden",2
2026-01-26T23:30:52Z,@tutikwindayati9891,Caranya gimana Bun,0
2026-02-04T12:47:12Z,@agusmulyadi7849,​@tutikwindayati9891online kaka daftarnya seminggu kemudian dihubungi utk melengkapi data datanya,0
2025-11-29T04:33:00Z,@Ardana-m3c,Masalah nya gmna yg lulusan sma sdrajad apakah itu bukan bagian rakyat RI fikiran itu bosss,0
2025-11-15T06:15:51Z,@RizzM4,"Dan fakta dilapangan Pointless bagi yang diatas 1 tahun (contoh 1,1 tahun), dilarang daftar melainkan di lantarin: udah ditipu SE menakker, dighosting &amp; ya ditolak berdasarkan rasis-diskriminasi. Omon omon. Kecuali angkatan 2025 yang FG yang beruntung ketimbang 24 &amp; 23.",1
2025-12-24T13:19:25Z,@agusmulyadi7849,"Alhamdulillah anak ku dpt di tahap kedua dan udah dpt gajinya, terimakasih pak presiden",0
2025-11-14T02:31:11Z,@TheSaint71-h5q,"Udh 1 bulan d masukin lamaran, tp tak kunjung ada panggilan test, apa ini sekedar gimmik?? Atau di utamakan para famili kolega dekat dulu?? Semoga ada sidak thd jalannya pelaksanaan seleksinya agar fair..",0
2025-11-07T07:50:44Z,@andikurniawan8365,Y sama saja klo utk fresh graduate..satu tahun terakhir setelah kuliah..yg nganggur itu banyak pak,0
2025-10-14T11:22:03Z,@WawaWawa-ij5kx,Cara daftarnya gimana,1
2025-10-14T06:25:44Z,@samboro5473,"Kalau nggak bisa nyiptain lapangan kerja, tidur aja om 🤮🤮🤮🤮🤮🤮",0
2025-10-13T02:00:57Z,@sopyan-9608,Setelah magang terus bagai mana kalo masih susah cari kerja,0
2025-10-12T14:18:18Z,@sandradwiyana5588,"Masuk ke wennya error ,kok nggak jelas yA",0
2025-10-12T04:53:49Z,@Analiskampung,Nah gt.. guyur sektor fiskal.. apa program belanja diskon wong duitnya kaga ada di rakyat.. rakyat butuh duit di suruh kerja ya mau lah...,0
2025-10-12T00:48:34Z,@HeniJuhaeni-v4t,Sebaiknya Bpk Presiden   magangnya di Pendidikan Non Formal kami sangat membutuhkan utk tenaga guru dan operator. Tolong tolong tolong Bpk presiden.,2
2025-10-12T00:40:46Z,@HeniJuhaeni-v4t,Kami kekurangan guru pendidikan Non Formal. Pendidikan kesetaraan.,1
2025-10-10T11:11:58Z,@chintiaalqiftiah,Fresh graduate aja ya berarti?,1
2025-10-09T05:25:24Z,@WiwikFatmawati-x3u,Smg anakq lulus,1
2025-10-07T18:38:53Z,@denisFathir-y4o,Hanya sayangnya diskriminasi   pendidikan dan usia harusnya  pendidikan sma smk dan maksimal usia  tidak dibatasi semua mendapatkan  kesempatan yg sama😊 kenapa  hnya yg D3dan S1yg bisa melamar sedangkan sma dan smk juga punyg hak yg sama😊 sebagai warga negara indonesia  juga&#39;piye toh pak menteri tenaga kerja? Masih bagus zaman pak harto ad program padat karya  buat yg butuh kerja nganggur langsung di salurkan melalui program itu &#39; dan buat yg tidak punya pekerjaan bisa makan gratis di warteg  yg bayar waktu itu kementrian sosial yg menjabat waktu itu ibu tutut itu baru bagus  jadi rakyat tidak bingung😊,0
2025-10-07T14:59:21Z,@NONAME-iu4rv,Masiswa bisa ngak?,0
2025-10-07T10:41:48Z,@riamawatianitasari4699,Bersyukur dulu ya❤,1
2025-10-07T06:38:00Z,@bundahery5261,Semoga tercapai cita-cita anak ku dan anak anak yg lain nya semoga sukses 🤲🤲🤲🤲,1
2025-11-07T08:32:22Z,@1Man-c3g,Aamiin,0
2025-10-06T23:39:01Z,@NajwaDasmaAshilla,Alhamdulillah,0
2025-10-06T14:52:32Z,@nurulastri393,Jurusan apa saja pak?,0
2025-10-04T13:52:45Z,@elektronikachannel9657,Kalau masuk lewat orang dalam bayar berapa?,0
2025-10-03T17:39:19Z,@RelaSartika,Buat emak2 gak ada ya? Ini beneran cuma buat freshgraduate?,0
2025-10-03T02:57:51Z,@srifitriwahyuni9187,"Hahaha...Bagus sih <br>Tapi malah kayak penyediaan  tenaga kerja outsourcing.<br>Dalam proyek tertuang uang saku 3,3 jt/orang tapi nanti riil diterima cuma 2 jt-an 😛",2
2025-10-02T13:38:50Z,@haminmin8076,Mantapp,2
2025-10-02T03:12:50Z,@AffifMuhammad,saya mengajar bahasa inggris,2
2025-10-02T03:11:37Z,@AffifMuhammad,bener ya pak saya magang selama satu tahun di SDN negeri 01 kedukul sanggau kalbar saya tunggu tgl 15,3
2025-11-24T05:42:25Z,@rafaasyraf810,Batasan umur di hapus itu permasalahanya,0
2025-10-28T04:15:46Z,@EponAikah-rf2dz,Sayang yg lulus 3 taun belum dapat pekerjaan kok tidak kasih Rizki ikut magang.harusnya yg 2 taun ke atas yg blm punya kerjaan yg di dahulukan.jangan menganak tiri kan biasa pendidikan untuk orang kecil terasa berat mbiaya hidup dan kontrakna.,0
2025-10-20T13:01:24Z,@umrahayu,Terima kasih.,0
2025-10-20T01:23:01Z,@mbahgundul3763,KLO YG LULUSAN SMA ATO STM SEDERAJAT MAU DI KEMANAIN NICH.SAYA MAU TANYA.....???,0
2025-10-18T05:03:17Z,@Mutmainah-gj8ye,"Langkah yg baik, tapi tlg jgn dibatasi untuk thn kelulusan nya dong, jadi adil",1
2025-10-17T13:33:39Z,@Ibu-y3n,Semoga yg hanya lulusan SMK SMA juga di mudahkan untuk mendapatkan pekerjaan,1
2025-10-15T17:27:06Z,@BertodParker,cara daftarnya gimana setan,1
2025-10-15T17:03:35Z,@MoyAmol-j2n,Bs gk baru kllusan th ini,0
2025-10-15T14:54:23Z,@maryamchannel8429,"Mantap pak Prabowo,❤trimaksih",3
2025-10-15T06:27:30Z,@susilotriputranto7881,Sudah kerja saja banyak di bawah UMR yang magang di berikan sesuai UMR enak banget,2
2026-02-04T12:40:59Z,@agusmulyadi7849,rejeki yg magang,0
2025-10-15T05:12:03Z,@suhendriwijaya143,Gak ada sosialisasi tiba tiba udah jalan aja. Fix gelombang pertama kebanyakan pakai ordal,0
2025-10-15T03:13:38Z,@Rumahmnh,"😊Saya karyawan PT swasta gaji pokok saya juga cuma UMR tapi insentif, tunjang, bonus lembur yg kalo di total bisa 15-16 jt/bulan. Tambah lagi ada bonus akhir tahun 4-8x gaji😊",1
2025-10-15T05:33:36Z,@mida27,"wow banget ,masih ada loker gak?cowok umur 26",0
2025-10-14T16:48:07Z,@erwinsyah8212,Bagaimana dengan orang tua yg sudah berkeluarga memiliki anak istri yg sampai saat ini menganggur namun kondisi nya sedang kurang mampu membiayai keluarganya..?,1
2025-10-14T16:34:53Z,@helsiman7647,"Kenapa ukurannya hanya berdasarkan tahun kelulusan, bukankah lebih baik berdasarkan usia, misalnya maksimal 25 tahun.<br><br>Kalau dia lulus tahun ini tapi sdh usia 26...memenuhi syarat.<br>Tapi lulus thn 2023 saat ini usia dibawah 25, jadi tidak memenuhi syarat.",1
2025-10-14T16:32:42Z,@AbdulMajid-p7e,Program taek  kerja hanya 6 bulan buat apa gk bisa jamin masa depan.,0
2025-10-14T16:15:31Z,@eM-hoot.1778,Setelah outsourching muncul magang berbayar.,0
2025-10-14T16:09:24Z,@RealmadridTzk,Uang rakyat lagi😅😅😅,0
2025-10-14T16:07:48Z,@AdenBagus-p4d2w,NANGGUNG AMAT MAGANG,0
2025-10-14T16:04:18Z,@Anjing-Kau-Babi,Tahu Kentut? ya ini,0
2025-10-14T15:58:13Z,@naniekprasetyasih8115,Yakin Magang Bergaji UMR............????????. 🤔🤔🤔🤔😳😳😳😳,0
2025-10-14T15:54:54Z,@naskahrd5488,Hoax lagi,0
2025-10-14T15:37:17Z,@tugassadikin552,"Gugat ke Mahkamah Internasional bahwa bahasa melayu milik Malyasia agar warga negara Indonesia tdk boleh menggunakan bahasa melayu 😂😂🤣maka buktikan bahasa melayu adalah milik bangsa milik Malaysia <br>Bila Indonesia bisa buktikan dgn adanya prasasti sojomerto, prasasti kedukan bukit abad 7 yg menggunakan bahasa melayu dan banyak lagi",0
2025-10-14T15:30:26Z,@muslikunmuslikun1622,Cars mendaftar magang gmna ya mohon info.,0
2025-10-14T15:02:13Z,@Suhartono-c6y,Usia berapa untuk S1,0
2025-10-14T15:01:11Z,@SOFYAN2010able,"INSENTIF, Pak Wamen! .. bukan INTENSIF!",0
2025-10-14T14:35:48Z,@SixBallax,hati2 aja pasti ada yg cari celah buat korupsi,1
2025-10-14T14:31:13Z,@podhopodho5173,"Program magang tdk merubah kesejahteraan anak bangsa ini, yg lebih utama revisi UU ketenagakerjaan yg berpihak ke rakyat Indonesia, hapus outsourcing dan upah murah, pengaturan sama kerja kontrak demi masa depan yang lebih baik.",2
2025-10-14T14:30:13Z,@DidinTohidin-z4u,"Pertanyaan apa gunanya Kementerian Tenaga kerja kalau tdk mampu menyiapkan lowongan kerja. Bubarkakan kementerian TENAGA KERJA. <br>KEMUDIAN PERTANYAAN KEDUA<br> Buat apa gunanya magang selama 6 bulan, kalau tdk ada lowongan kerja baik pns, tni, polri, atau diperusahaan. Menurut saya tdk ada gunanya, hanya uang mnegara habis.",0
2025-10-14T14:26:57Z,@WabinaSingarimbun,Tamat s m a apa boleh ngikuti magang,0
2025-10-14T14:05:56Z,@qomartberdaya,"Kasihan guru honorer dan swasta, berpuluh tahun mengabdi masih di bawah umr",0
2025-10-14T14:01:19Z,@Kampung-86,Dan pada akhirnya sistem ketenagakerjaan di Indonesia akan berubah menjadi magang sampai kiamat.😂😂😂,2
2025-10-14T13:58:08Z,@firmanfirman7860,"Saya saran utk yg mau magang bergaji, selama masa magang tolong PERLIHATKAN kemampuan dan keterampilan anda secara maksimum, nanti ada yg akan menilai anda dan tidak mustahil  bagi anda yg punya kemampuan dan terampil akan ditarik perusahaan tempat magang. <br>Saya punya teman dulu thn 1988 minta magang ke perusahaan tanpa gaji, akhirnya ditarik bekerja dan karna prestasi nya bagus, bisa mencapai posisi top management di perusahaan.",5
2026-01-09T07:00:55Z,@agusmulyadi7849,"terima kasih kaka sarannya, kebetulan anak sy lagi magang,semoga aja diangkat jadi karyawan",0
2025-10-14T13:55:59Z,@rudijoko3895,Insentif,0
2025-10-14T13:45:02Z,@sitikhuthoifah1721,"Ya jangan yang baru lulus 1 tahun lah, minimal 2-3 tahun lulus.",1
2025-10-14T13:42:10Z,@abdulazis9412,"Daripada magang , lebih baik  1.jadikan balacad aja, lumayan bisa belajar tembak menembak. Menambah jumlah tentara cadangan.<br>2. Masukkan ke program tanam pangan nasional. Lumayan bisa belajar tanam menanam",0
2025-10-14T13:24:37Z,@mpanjidinihari9757,Guru honorer swasta perhatikan dong..,0
2025-10-14T14:20:59Z,@ibnufathir88,Maaf ya meski status masih honor setidaknya harus bersyukur masih ada kerjaan dan dapat penghasilan coba lihat masih banyak yg ga punya kerjaan,0
2025-10-14T13:14:39Z,@noaccount3238,jgn hanya freshgradue dong.. paling tidak yg lulus 2 atau 3 tahun lalu.. yg sdh cora cari loker blm dpt2..... tolong dong,2
2025-10-14T12:39:06Z,@niningyuningsih6059,magang brp tahun lmanya tuh ?,0
2025-10-14T12:10:57Z,@khoirulanam7229,Enak perusahaan... Ga bakal bermanfaat kecuali yang magang d bayar perusahaan....,0
2025-10-14T11:59:35Z,@BambangWisino-j7h,Masih ada aja yg kontra,2
2025-10-14T11:52:45Z,@bambang-s9d,Barokallah... negara mulai menunjukkan jati dirinya sbg penyayang pd rakyatnya,13
2025-10-14T11:45:46Z,@martuafilm7073,prabowo Yes Yes Yes.....❤❤❤❤,1
2025-10-14T11:45:33Z,@mochanwar2700,YANG JELAS ORANG YANG UNTUNG ORANG ORANG MENENGAH KEATAS. MENENGAH KEBAWAH GAK MUNGKIN DAPAT. KARENA PRAKTIK  SEPERTI BIASA PASTI TERLAKSANA. KEDEKATAN PALING UTAMA,3
2025-10-14T16:04:23Z,@jokopoer,faktor ordal masih tetep,0
2025-12-24T07:37:39Z,@agusmulyadi7849,​@jokopoerga juga kak.anak sy ga ada orang dlm dpt di jasa Raharja.keponakan sy dpt di BNI jg ga ada ordal,0
2025-10-14T11:00:36Z,@rjb2549,Magang gaji umr yg honorer gaji sulit,1
2025-10-14T10:54:36Z,@lelaholilah2728,"Kasihan klo cuma magang, kalau bs sih sekalian",1
2026-01-01T05:20:08Z,@agusmulyadi7849,"Alhamdulillah anak ku sudah diterima magang bacth 2 dan udah mendapat gaji sesuai umr dki,semoga kedepan bisa sukses",0
2025-11-15T06:23:40Z,@RizzM4,"Gak usah berharap apapun dari ini dan segalanya selagi syarat diskriminasi-rasis masih dipelihara oleh negara dalam loker kecuali parpol, militer &amp; pro 02 dapat instan loker tanpa tas tes segala.",0
2025-11-13T13:11:06Z,@TheSaint71-h5q,Udh sebulan d aply tp tak kunjung ada kejelasan... <br>Ini sekedar gimic? <br>Atau hanya untuk para famili? Semoga kementrian terkait melakukan sidak ke lapangan..,0
2025-09-18T16:22:36Z,@afadira1910,"Jgn hanya fresh graduate... banyak kepala keluarga yg masih minus, justru merekalah yg bner2 niat kerja krn kebutuhan rmh tangga",0
2025-09-18T11:54:34Z,@opponeou3759,Yg paling penting rampas harta koruptor dari segala arah tetmasuk hasil tambang dan kekayaan bumi Indonesia gunakan untuk nyaur utang negara dan kesejahteraan rakyat. UANG YG SEBEGITU BUANYAK SAMPAI SEKARANG TIDAK JELAS LARINYA KEMANA?,0
2025-09-18T09:33:09Z,@シルティニングシィ,Semangat.🇮🇩💪💪💪,0
2025-09-18T09:32:52Z,@シルティニングシィ,Mantap.,0
2025-09-18T06:29:29Z,@nazrilevano9578,Apakah bisa daftar lewat online,0
2025-09-18T02:09:11Z,@mujahidalfirdaus3220,"JANGAN CUMA MAGANG, TAPI DILANJUTKAN PENEMPATAN TENAGA KERJA DI PERUSAHAAN2 DI LUAR NEGERI SAMBIL MENINGKATKAN KEMAHIRAN BAHASA &amp; ALIH TEKNOLOGI DARI LUAR. AGAR NANTINYA SETELAH KEMBALI KE INDONESIA BISA MENGGERAKAN MESIN EKONOMI INDONESIA LEBIH CEPAT",0
2025-09-18T00:42:12Z,@IrvanIrvan-u6k,😂😂..kasih 500 ribu .jika magang...bnyak mahasiswa ..yg harus lebih belajar pengembangan diri..😂😂,0
2025-09-17T15:36:39Z,@PritaniaLubis,Harusnya Lebih besar dari anggota DPR dong....! Kan anggota DPR minimal tamatan SMA...????,0
2025-09-17T06:17:38Z,@abigael893,Pengawasan pembimbing untuk usaha pertanian dan peternak didesa langsung ke pemerintah di daerah masing  masing tapi uang langsung di transfer ke individu atau kelompok koperasi agar tdk dipotong potong klu perlu setiap thn di evaluasi  dan diberi penghargaan setiap 17 belasan,0
2025-09-17T06:12:01Z,@abigael893,Terutama sarjana pertanian dan peternakan diberikan kredit  untuk penanaman padi buah dll dan beternak  ikan agar ilmu mrk langsung diterapkan didesa masing masing bisa juga dlm bentuk koperasi tani dan peternak  merah putih pemberian juga bertahap  dimana tahap satu perintisan dulu klu berhasil  baru diberi  tahap 2 lebih besar  bila sdh berhasil maka ia akan  menjadi induk contoh dr koperasi  yg dlm tahap perintisan yg lain untuk bagi ilmu dan mengangkat yg lain,0
2025-09-17T06:05:31Z,@abigael893,Ini baru program pro rakyat yg langsung. Ke akar rumput  yg langsung dirasa rakyat,0
2025-09-18T01:07:19Z,@imazfiknya8099,"tpi masalahnya perusahaan mau gk,? Sdngkn pemerintah cuma ngatur sja, dn tdk mau keluarin bayar gjinya<br>Yg di tuntut perusahaan agar mau gji magang dngn UMP",0
2025-09-17T05:28:49Z,@priaoslo-w,Hidup PRABOWO 🙄,0
2025-09-17T02:23:05Z,@Redmi12c-i7t,smk tak dibutuhkan payah,0
2025-09-17T02:07:23Z,@dau.oficial,Perguruan tinggi doang yah payah kalau gua jadi ketua kementerian tenaga kerja gw bakal buka gw utamakan lulusan SMA dan dibawah nya,0
2025-09-17T01:14:17Z,@dhanitj6091,"Abisin duit negara..<br>Tertibkan upah yg layak, gaji honor hrs UMP, upah pegawai cafe, resto, toko wajib UMP,.<br>Brantas  pungli dong",0
2025-09-17T01:08:21Z,@IchwanHadi-ht3zy,"yang demo2 kemaren jangan kasih kuota pak, masih banyak anak2 muda yang gak berjiwa pemberontak",0
2025-09-17T01:08:18Z,@pecintakucingorens,"Buat nambahin gaji honorer lumayan itu, yg sudah jelas2 bekerja 😅😂",0
2025-09-17T01:06:59Z,@bucek2247,Magang 😂 buka lowongan kerja lah.,0
2025-09-17T01:03:53Z,@emylestariningsih4896,Buat yg sdh lulus dan pensiunan diberikan kesempatan magang,0
2025-09-17T01:02:10Z,@Ah-162,Kan bisa revisi UU zakat. Indonesia bisa berantas kemiskinan dengan penerimaan 400 T dari zakat per tahun. Bisa disalurkan ke fakir miskin,0
2025-09-17T00:36:13Z,@Tri-j1y,Alhamdulillah <br>kalau bisa lulusan tahun kemarin juga diberi kesempatan pak.<br>hapus pejabat yg memegang jabatan rangkap. dan berikan kpd generasi2 muda penerus bangsa. spy mereka bekerja utk negeri ini.<br>trims bpk Presiden Prabowo. tetap sehat dan panjang umur bapak,2
2025-09-16T23:47:37Z,@mustikolaras8862,Ank saya honorer  guru sd sdh 8 th blm di terima pppk. Di gaki 300 rb  tlg pemerintah cepat ada pengangkatan,1
2025-09-16T22:43:18Z,@SugengAgustio-e8r,Alhamdulillah mudah &quot;an anakku Azam sukses sekarang sedang magang,4
2025-09-16T12:53:36Z,@arumiaini2023,"Gebrakan baru... 👍. Semoga setelah magang 6 bulan bisa nambah skill dan dapat kerja yg sesungguhnya... Harus diberlakukan di semua daerah,, biar sarjana ga numpuk di kota besar saja...",2
2026-01-02T06:23:44Z,@agusmulyadi7849,Aamiin,0
2025-09-16T11:10:35Z,@windahGenk24,Ini berlaku buat fresh graduate yang lulusan perguruan tinggi doang ?,0
2025-09-16T11:03:02Z,@SarahNathan-n4y,AFTER THAT WHAT,0
2025-09-16T06:09:46Z,@Indramayu.Culture,Honorer apa kabar??,0
2025-09-16T03:52:54Z,@hamba235,HANYA SOLUSI KDM YANG PAS UNTUK RAKYAT...,0
2025-09-16T03:21:51Z,@galihsemakinbahagia,"Saat,y tak usah py anak  biar hidup ga berat",0
2025-09-16T03:00:49Z,@rinorose6064,JANJIMU 19JUTA LAPANGAN KERJA DABRUS DOANG KAN...😂😂😂 BACOOT BACOT,0
2025-09-16T02:56:59Z,@MuhammadAsikin-n9j,Waspadai Drama Sinetron 🙃✍️,0
2025-09-16T02:54:20Z,@anandaelvira324,"memalukan . konyol kalian. <br>buka lapangan kerja kok 20000 org, tuk negara sebesar ini, pendudukx ratusan juta org. itu seperberapa persen nya konyol.<br>kalian bs nya bego&quot; in rakyat kalian .luar biasa .",0
2025-09-16T02:53:17Z,@DedeFadlillah,"MAGANG, ITU BIASANYA ORANG BUJANG, BELUM BEKELUARGA, MASIH PUNYA CUKUP UANG, KARENA BISA KULIAH.<br><br>SEDANGKAN<br>YANG BUTUH PERBAIKAN PENDAPATAN ADALAH, <br><br>PADA ORANG TUA YANG SUDAH PUNYA ANAK,<br><br>YANG SETIAP HARI MENETESKAN AIR MATA KARENA TAK MAMPU BELIKAN ANAKNYA SUSU,<br>SETIAP HARI MENETESKAN AIR MATA KARENA TAK MAMPU MEMBELIKAN ANAK ISTRINYA MAKAN MALAM,<br>SETIAP HARI MENETESKAN AIR MATA KARENA HUTANG KASBON DI KANTIN BELUM MAMPU DILUNASI.<br>SETIAP HARI MENETESKAN AIR MATA KARENA MELIHAT ANAKNYA TAK SEKOLAH SEPERTI ANAK ORANG LAIN.<br><br>SE PARAH INI KAH LOGIKA PEJABAT MENCARI SOLUSI.<br><br>YA ALLAH, ENGKAU MAHA KUASA, <br>TOLONG TIMPAKAN AZAB UNTUK PENGUASA ZOLIM DAN TIDAK ADIL,<br>SERTA JADIKAN KESABARAN PARA ORANG TUA MENJADI NILAI IBADAH KEPADA ENGKAU YA ALLAH.<br>AAMIIN...",4
2025-09-16T03:55:56Z,@TRcommander,"YA ALLAH, JAUHKANLAH PEMERINTAH DARI RAKYAT DZOLIM SEPERTI INI, YG KERJANYA MINTA2 TERUS DAN GAK PERNAH MENGHARGAI USAHA PEMERINTAH DALAM MENOLONG RAKYATNYA, AMIN",2
2025-09-16T05:08:12Z,@budawaify,"Sudah punya anak, keluarga kok baru mikirin pekerjaan 😂 logika terbalik. Punya pekerjaan untuk menghidupi keluarga baru nikah. Lo berarti mokondo doang 😂😂😂",3
2025-09-16T13:14:51Z,@ulysrr2918,justru untuk anak muda biar kami tidak mengalami nasib yg sama seperti anda untuk mencerdaskan bangsa! bukan ngeluh nyalahin pemerintah atas biaya anak2 yg anda inginkan sendiri tanpa mikir kedepannya gimana sampai kelilit hutang,1
2025-09-22T04:34:30Z,@Histowild,"Dikit2 nyalahin pemerintah, dah tau hidup sendiri belum terpenuhi ngapain sok2an nikah😂😂. Kalau dirasa ekonomi belum tercukupi jangan cepat2 maksa nikah dehh, kasihan kelurga lu nanti.",0
2025-09-16T02:52:27Z,@haryoryo8436,"Ada program bagus masih aja pada julit, di kasih hati minta ginjal 😂",0
2025-09-16T02:51:24Z,@13palli,"Banyak pengangguran berpengalaman karena batasan usia, padahal masih usia produktif",11
2025-09-16T02:40:50Z,@OsmanBy-z1u,Ujung&quot;nya yg magang orng dlm semua,0
2025-09-16T02:40:16Z,@Suyitno-v5w,"Harusnya jng hanya yg perguruan tinggi ,berarti yg TDK perguruan tinggi TDK bisa,,? Sedangkan di Indonesia msh banyak yg masih lulusan SMU/ SMK yg sederajat harusnya untuk umum nanti KLO SDH magang kan bisa sambil sekolah",0
2025-09-16T02:38:21Z,@reziningratmudoyo8326,"magang juga syarat banyak SKCK , SURAT KESEHATAN BATASAN UMUR MAMPUS AJA, DPR LULUSAN SMA AJA BISA",0
2025-09-16T02:37:16Z,@ArisIdol-f9k,BANYAKIN PEKERJA FORMAL... CONTOH SEPERTI PENYAPU JALAN DAN PEMEBRSIH TUKANG SAMPAH PASTI BERHASIL,0
2025-09-16T02:34:07Z,@Taufikwikarsa,Lokak korup lagi,0
2025-09-16T02:30:41Z,@sicepatkarangasem506,"Erlangga omon&quot;,,,, kpn asn tni polri dpt kenaikan gaji??? pernyataanmu omon&quot;",0
2025-09-16T02:30:02Z,@IbuKhosyiah-s1d,Yang bukan fresgraduet bisa nggak pak? Karna banyak yang bukan freshgraduet yang masih nganggur kesulitan cari kerja,0
2025-09-16T02:27:22Z,@pututnugroho3479,"Solusi jangka pendek doang tp tdk menyelesaikan inti masalah😅<br>Pdhl inti masalah itu sdh diketahui yaitu sektor manufaktur hancur, investor jg males buka pabrik/lapangan kerja krn pungli disana-sini, perijinan dipersulit, blm lagi gangguan ormas 😢<br>Pemerintah hrs aware krn 1 PTN aja tiap tahun bisa belasan ribu wisudawan 😅",5
2025-09-16T02:24:30Z,@absorimion9250,Semua program pemerintah bisa dijadikan peluang kolusi jual beli jabatan....,0
2025-09-16T02:23:40Z,@taktiktok3886,dari pada MBG yg dibuat bisnis bermasalah...siapa pemyalur dananya  dan siapa pemegang dapur masak perlu di cek kebenarannya 90 % buat bisnis bukan amanah,0
2025-09-16T02:19:48Z,@kiagengtono,Pemerintah sangat buta terhadap gaji bagi karyawan lokal. Baik itu lulusan perti maupun smk. Bila dibandingkan dengan orang asing yg bekerja di Indonesia dg pendidikan yg sama bisa beda 8-10 x lipat dengan orang lokal. Ini akibat UU no.13 thun 2003. Miris rakyat dimiskinkan oleh pemerintahnya sendiri. Hasil kebijakan pemerintahan presiden ke 5 dilanjutkan presiden ke 7,0
2025-09-16T02:17:39Z,@ezra7600,nah ini nih yang gw cari,0
2025-09-16T02:17:23Z,@taktiktok3886,"oala pak pak anggaran APBN,APBD  klu di pangkas harus di cek dulu kelapangan jgn asal pangkas,kasihan ini rakyat banyak yg ngangur gak ada kerjaan,proyek di Indonesia sejak 2025 adanya pemangkasan seperti gak ada kemajuan pembangunan",0
2025-09-16T02:10:30Z,@sopo_ingsun,kenapa ya apapun yg dilakukan pemerintah netijen selalu berkomentar negatif??,1
2025-09-16T05:30:15Z,@Catur-s8k,Ini magang lo. Lulus kuliah disuruh magang... bukan dicarikan pekerjaan ... harusnya lapangan pekerjaan ditambah. <br><br>Magang itu buat anak yang masih kuliah aja buat nyari pengalaman,0
2025-09-16T05:56:39Z,@sopo_ingsun,"@Catur-s8k yg bisa nambah lapangan kerja itu pengusaha, pemerintah hanya menyediakan infrastruktur dan kemudahan spy org punya duit mau investasi. jgnkan di indo di mamarika pun sdg banyak phk bahkan pencipta AI banyak yg di phk krn tugasnya sdh digantikan oleh Ai yg dia ciptakan, begono",0
2025-09-16T11:41:05Z,@Catur-s8k,​​@sopo_ingsunJanji Gi bràn Buka 19 Juta Lapangan Kerja,0
2025-09-16T02:08:19Z,@MochNajmu-d6o,Sudah saatnya pemerintah membuat sejahtera rakyatnya .buka memperkaya diri sendiri,1
2025-09-16T02:07:59Z,@pahrurrazi5687,"Pegawai magang digajih setara UMP,,,,sementara masih bnyak guru honorer yg digajih 300ribu/bulan",6
2025-09-16T02:35:53Z,@pandiajah5814,Mau nya gmna toh gini slah gitu salah,0
2025-09-16T02:40:25Z,@rostiyanti3335,Berhenti honor jd pekerja aja bang,0
2025-09-16T02:40:39Z,@abyenokojiro2410,Setidaknya ada perubahan yg positif pak. Mungkin lambat Laun ada perubahan positif lagi. Di semogakan saja.,2
2025-09-16T02:56:58Z,@januarfirmansyah347,guru makin sini kebanyakan ngeluh nih payah,0
2025-09-16T02:07:07Z,@tomkruy2839,Mantap..daripada dikorupsi.mnding buat anak2 magang.,0
2025-09-18T01:20:20Z,@imazfiknya8099,"Mantap dari mnanya, blm tentu semua perusahaan mau ikuti aturan pemerintah, Emangnya pemerintah mau keluarin Duit Buat bayar UMP nya, PEMERINTAH CUMA KELUARIN ATURAN, TTEP SJA YG DI SURUH BAYAR GJINYA PERUSAHAAN",0
2025-09-16T02:04:28Z,@sriwidya19999,Terus yg bk fresh graduate lagi tapi blm bekerja gimana solusinya,0
2025-09-16T01:59:41Z,@ralinekhairine6990,Gen-z biar gak demo... 😂😂😂,0
2025-09-16T01:57:34Z,@mariodamanik6236,"JANGAN CUMA MODAL AJA YANG DIUPAYAKAN. TP KESEHATAN DUNIA USAHA KITA. BIAYA PRODUKSI TINGGI, HARGA JUAL RENDAH.. ALIH2 PERTUMBUHAN EKONOMI, YANG ADA RUNGKAT !!!",1
2025-09-16T01:53:00Z,@MimiAurora-v3w,buka peluang korupsi tu,0
2025-09-16T01:51:47Z,@calonyoutuberpemula,umur diatas 35 dibawah 40 masih bisa ga?,0
2025-09-16T01:56:54Z,@ahmadfauziofficial306,Harusnya bisa usia dibawah 30 dan dibawah 35 harusnya bisa dong,0
2025-09-16T01:44:14Z,@sitiqoriah1370,"Lulus kuliah nerima magang, 😢😢😢",0
2025-09-16T01:43:51Z,@Yrel11-mu1lg,Kemarin tuu banyak cpns di kota besar yg mengundurkan diri krn gaji nya ump ...😊😊,0
2025-09-16T01:40:49Z,@slametnugroho4246,"Berapa UMP Jawa timur ? per 1 Januari 2025, UMP Jawa Timur 2025 ditetapkan sebesar Rp2.305.985,00",0
2025-09-16T01:40:13Z,@suratmansuratman9322,"Asalamualaikum ,,semoga nkri diberikan berkah dan maju terus, masukan , apakah lebih baik pemerintah bangun sendiri perusahan 2 diberbagai kabupaten , yang hasilnya dijual keluar negri , peranan bupati , gubernur dan Mentri yang terkait betul betul.serius ,,untuk mengurangi pengangguran",0
2025-09-16T01:37:26Z,@cantikyulia7644,Ngelamar nya kemana nihh..kasih Link nya dong...jgn omon2 doang,0
2025-09-16T01:37:08Z,@RatNawati-qr9wh,Demi kenyaman dan ekonomi rakyat tingkat kan hukum dan uu korupsi.,2
2025-09-16T01:36:49Z,@Cezka0,Ga ada pengembangan skill kalo bekerja di pemerintah<br>Mendingan ajak swasta buat investasi bikin perusahaan atau perluasan usaha,0
2025-09-16T01:36:37Z,@salisadigunawan8441,magang sj UMP lah guru msh d bawa UMP,0
2025-09-16T01:34:41Z,@hendromuljono6459,"<b>NGGAK PLECEDEN NYA CUMA OMON2 NGGAK JUGA MENTERI NYA AIRDILONGGO HARTAKADRUN CUMA OMDO,,KATA FUFUFAFA MAU DI BUKA LAPANGAN KERJA 19 JUTA AN,,BUKAN MAGANG YG GAK ADA FAEDAH NYA,,MANA NIH JANJI LAPANGAN KERJA YG 19 JUTA AN,, CUMA OMONG KEISONG ONG/KOSONG😂😂</b>",0
2025-09-16T01:32:48Z,@RatNawati-qr9wh,"Inti sarinya peningkatan kesejahteraan rakyat dan ekonomi , naikkan gaji pensiunan dan pegawai, naikkan gaji buruh, tingkatkan mutu pendidikan, tingkatkan mutu pertanian.",1
2025-09-16T01:34:44Z,@RatNawati-qr9wh,tegakkan hukum dan uu perampasan aset.,0
2025-09-16T01:29:21Z,@jarwomib,"Buang2 duit aja,, habis magang trus apa nganggur lagi?",0
2025-09-16T01:28:57Z,@esaacramones1588,Dipermudah modal untuk peternakan dan pertanian di tingkat desa2.. dipersiapkan pasar bagi mereka...pastilah akan menyerap tenaga kerja yg banyak...,15
2025-09-16T02:11:42Z,@sopo_ingsun,disesuaikan dgn kebutuhan dan kompetensi mrk masbro,0
2025-09-16T02:21:08Z,@doncatsu,sampun ndoro,0
2025-09-16T02:26:47Z,@sopo_ingsun,@doncatsu wkkkk,0
2025-09-16T01:28:54Z,@chiefazis,"JANGAN CUMA MAGANG, BATASAN UMUR HAPUS AJA GAUSAH 25 25 SEGALA MACEM, JUSTRU ITU PENYEBAB PENGANGGURAN BANYAK",17
2025-09-16T02:09:44Z,@jasminewhite1241,"Setuju. Hapus juga syarat harus berpenampilan menarik, dan juga pengalaman kerja.di kira orang jelek gak butuh kerja apa?",8
2025-09-16T02:27:49Z,@susialmira9920,Setuju,0
2025-09-16T02:45:27Z,@agusapriyanto222,Congormu Cok....sudah dikasih kesempatan magang masih protes saja.... dasar begundal kadrun,0
2025-09-16T03:51:43Z,@nurhaetiwidodo3058,Setuju banget...,0
2025-09-16T05:12:59Z,@budawaify,"​@jasminewhite1241menarik itu bukan ganteng/cantik,  lebih ke pembawaan diri, spt berpakaian sopan. Masak kerja sandalan jepit pakai kaos oblong 😂😂😂",0
2025-09-16T01:28:31Z,@A1HSHGS,"Alhamdulillah, Tolong dipercepat pak, ane lelah gak dapat kerja.",1
2025-09-16T01:39:45Z,@hendromuljono6459,"<b>TUH TAGIH JANJI NYA KE WAPLEIC FUFUFAFA SAAT DEBAT JUGA KAMPANYE HILIRISASI, EKONOMI HIJAU DAN 19 JUTA LAPANGAN KERJA ?😂😂😂 LAWONG SI FUFUFAFA KERJAAN NYA YG NYARI IN BOKAP NYA nabi rosoul JOKO NGIBULWIE JOKO NGABALIN WWWKKK JOKO NGIBULIN😂</b>",0
2025-09-16T01:28:19Z,@rezalevi592,KITA INGATKAN YA<br>JOKOWI ASN PENSIUN USIA 58 TAHUN <br>LAAHH KAPAN YANG MUDA MAU MASUK ...,1
2025-09-16T01:28:17Z,@Qilaa6789,"Ortu atau Pemerintah yg benar itu adlh yg mendirikan se-banyak2nya Perusahaan milik sendiri, sehingga <br><br>berapapun jmlh anak keturunannya atau berapapun jmlh WNI itu pasti TIDAK ADA yg jd GELANDANGAN/PENGANGGURAN dan MISKIN, sebab<br><br>semua yg lulus n yg tdk lulus sekolahpun bisa kerja ikut Perusahaan milik ORTU atau milik NEGARA<br>Ma&#39;af jika saya salah. Rahayu....Rahayu....Rahayu",1
2025-09-16T01:27:12Z,@AmaaraCinta,Ini bisa jadi ladang korupsi besar2an,0
2025-09-16T01:26:43Z,@hartatlhartati-yk5dq,Bagus,0
2025-09-16T01:24:37Z,@mioenjonaha631,Magang utk pekerjaan..dpr..polisi hakim..setuju..,0
2025-09-16T01:21:58Z,@rafaardyanrachman3832,"Satu sisi bagus, tapi bisa jadi pedang bermata dua, untuk industri dgn standar gaji bagus dan menyerap byk tenaga operasional seperti perhotelan bintang 5.<br>Lebih menguntungkan bagi hotel untuk rekrut dgn gaji magang daripada pegawai kontrak atau permanen, karena hotel2 selain gaji dasar ada uang service juga yg lumayan besar bisa di atas 5 juta bahkan belasan juta untuk gaji pemula. Bisa jadi para pelamar kerja fresh graduate akan di tawarin magang dulu bukan sebagai kontrak pegawai. Saat ini pun sudah byk anak2 magang atau pekerja harian di sektor ini. Bedanya magang sekarang untuk yg belum lulus. Akan sangat menguntungkan bagi perusahaan perhotelan memotong labour cost. Tapi bagi fresh graduate perhotelan ini merugikan kalau di aplikasikan secara masal",2
2025-09-16T01:21:05Z,@HastutiDwi-g6j,Buka lap pekerjaan seluas2nya merupakan solusi tepat jg  skill non gelar mendongkrak ekonomi sekaligus akan berdampak mengurangi bantuan tunai dlm pengembangan export agromina (udang/ hsl laut buah tani) dlm balutan kopdes merputh sebagai fasilitator,0
2025-09-16T01:18:04Z,@TienSol-j4n,"Yg utama hukum mati koruptor dan sita asetnya. Gaji pejabat maksimal 10x UMR tanpa tunjangan lain2.... jangan hanya pengalihan isu utama, tp koruptor tetap meraja lela.😮😮😮",2
2025-09-16T01:17:42Z,@eskrimwatch09,Koruptor seperti airlangga. Masih aja diberi jabatan. Sekali korup akan selamanya korupsi,0
2025-09-16T01:11:17Z,@Jeruk-e1s,19 juta lapangan kerja janji kampanye😂,2
2025-09-16T01:11:09Z,@abunifarm7177,"Buka lapangan pekerjaan dari investasi swasta lokal maupun asing, bukan lapangan pekerjaan yg digaji dg apbn, malah buang anggaran yg akhirnya boncos",8
2025-09-16T02:17:18Z,@TRcommander,"Kan sudah ada aliran dana ke bank, untuk disalurkan ke usaha swasta",1
2025-09-16T02:20:36Z,@doncatsu,ngomel aja lu.. gak ada benernya,0
2025-09-16T02:45:31Z,@LilisNursita-w5o,"Terobosan yg bagus utk para fresh graduate,hitung2belajar kerja. Semoga jg membuka wawasan  dan link mereka utk bekerja ditempat lain selanjutnya. <br>Setiap program pemerintah ..cobalah kita  berfikir positif dulu, jgn apa2 teh...kritik wae, pasti ada kebermanfaatan. KLO itu uang dr APBN gpp jg, toh buat rakyat jg,  yg diwakili oleh fresh graduate.  Sy salut dgn terobosan ini yg mengakomodir Fresh graduate yg terkdg bingung mau apa dan bagaimana  dgn ijazah D3 dan sarjana S1 nya, Krn susah cari kerja sbg fresh graduate tg terkdg diminta  work experience . Wong baru lulus <br>Good job ...Goverment , I appreciate that ,personally.<br>I&#39;m  60 years old now, my sin n daughter have already been having good job n life, but I  always concern about  opportunity of field of jobs  for Indonesian  young people <br>Good news... for fresh graduate, never give up ...( Semangat , maksud nya )",1
2025-09-16T02:46:59Z,@LilisNursita-w5o,"My son, i mean",0
2025-09-16T05:52:59Z,@LilisNursita-w5o,​@TRcommanderkan gak setiap org punya &#39;bakat&#39; berwiraswasta. Ada yg ingin jd pekerja  saja,0
2025-09-16T01:10:02Z,@SartonoTono-z8r,harusnya pemerintah lebih mikirin gaji guru (yg dianggap honorer),9
2025-09-16T02:07:48Z,@tomkruy2839,Santai ja dlu anak lu magang tar di gaji..,1
2025-09-16T02:18:31Z,@ezra7600,"satu satu dlu bg, pasti klo membaik akan dipikirin pemerintah kok",1
2025-09-18T01:14:29Z,@imazfiknya8099,"​@tomkruy2839 iya kalo di perusahaanya mau ikutin aturan pemerintah, itu pemerintah jg cuma ngatur ke pengusaha agar mau bayar magang dngn UMP,  bknya pemeeintah yg ngadain program magang, Intinya Cuma aturan Saja, blm tentu semua perusahaan mau jga ikutin aturanya<br>toh pemerintah jg gk mau keluarin DUIT Buat byr Upahnya",0
2025-09-16T01:07:38Z,@SyaminManap,Dibuka kapan ? Mekanisme nya gimana dan daft dimana ?,0
2025-09-16T01:05:44Z,@alonslow_tv8313,Fresh graduate aja yg butuh makan ya pak?,3
2025-09-16T00:57:29Z,@MuksalMina-l2g,Koruptor kok dipercaya 😂😂😂,1
2025-09-16T00:53:00Z,@SlayerGodOfDeath,RATAIN dulu gaji guru ... najis banget dah ....,0
2025-09-16T00:44:54Z,@SimpleGo-p3f,trus yang baru diPHK gmn ceritanya?,0
2025-09-16T01:09:14Z,@mroyra7263,Ya cari kerja,0
2025-09-16T00:42:14Z,@ekabudiwidjajanto5321,Janji surga dg kuntilanak dan sundel bolong tercantik 😊,1
2025-09-18T01:23:21Z,@imazfiknya8099,"Bstul Banget Cuma ATURAN Sja, dn yg di Suruh Bayar MAGANG TTEP PERUSAHAAN 😂",0
2025-09-16T00:36:53Z,@hariyonoyoyon9534,BUKA LAHAN .UNTUK..M.A.L.I.N.G......D.U.I.T....Programnya Bagus...DANA .KEUANGANYA HARUS DIAUDIT...SARANG .MALING. DUIT LAGI ....HAYO HABISKAN DUITNYA...NANTI RAKYAT BAYAR PAJAK .&amp;  PAJAK HASIL TAMBANG.NIKEL.BATUBARA.MINYAK /GAS..EMAS.....KEMANA..??,1
2025-09-16T01:08:59Z,@mroyra7263,Ga jelas lu,0
2025-09-16T00:35:05Z,@nastaindnr3175,"Kasihan para lulusan perguruan tinggi, katanya pemerintah mau buka lowongan kerja 19 JT. Blm terealisasi.",0
2025-09-16T00:37:04Z,@RakyatBicara-r2t,Makanya pilih gibran nanti. Ditambah nanti 30 juta lapangan kerja 😂 hidup jokowi,0
2025-09-16T00:50:07Z,@Adhikaputra-ox6gr,​@RakyatBicara-r2tJaka sembung bawa golok..,0
2025-09-16T01:06:35Z,@bangbro3921,HARUSNYA MAGANG  GANTIKAN DPR DAN DPRD SELAMA 6 BULAN...<br>ITU BARU MAYAN BISA BELI RUMAH DAN MOBIL....😔,0
2025-09-16T01:06:46Z,@prana-ya,​@RakyatBicara-r2t wkwkkk dukung biar fufufafa bisa jadi nmr satu di occrp sebagai tokoh dunia terkorup ya,1
2025-09-16T00:34:35Z,@AyuYu-qq7yk,"Kita lihat saja, omon2 apa bukan, soalnya omongan pejabat sudah tidak bisa dipercaya kalau tidak ada bukti",1
2025-10-12T10:49:31Z,@bayuzumaki,"Magang khusus yg udah kuliah , dibawah itu ga dianggep, parah bener nih kemnaker",0
2025-10-10T17:04:26Z,@rachmanoviasari968,"kenapa syaratny minimal diploma/ perguruan tinggi dan bukan minimal SMA/SMK...pdhl berdasarkan persentase yang lulusan SMA/SMK lebih banyak yang pengangguran, harusnya hal ini juga perlu dpikirkan oleh pemerintah",0
2025-10-09T14:56:33Z,@yosua_Ryz,hadeh gue yg nanggur 2 tahun ga bisa daftar😭,4
2025-10-08T14:02:28Z,@maidoni2206,"Dungu bngt ya negeri ini, magang aja juga ada persyaratannya, kasihan yg lulusan sma sama smk apalagi yg belum pengalaman, yg diploma sama S1 juga kasihan cuma di kasih gaji ump, ga sesuai sama Pendidikannya, cape2x kuliah dpk kerjaan cuma magang di gaji ump, akal bulus Pemerintah😂",0
2025-10-10T10:09:43Z,@bastenfery6795,"Apalagi gue bang, udah 2 tahun lebih gak dapet kerja formal semenjak lulus kuliah apalah daya syaratnya maksimal  fresh graduete  1 tahun dan gue udah 2 tahun😊😢",0
2025-10-06T14:10:42Z,@MahpudinTPS011,"Ko ga ada SMK untuk program Magangnya, padahal untuk jadi calon Presiden dan wakil Presiden saja minimal SMA dan sederajat masa untuk program magang tidak ada untuk lulusan SMK?",1
2025-10-06T10:04:58Z,@kirman66,semoga rakyat  miskin semakin di perhatikan oleh pejabat pejabat  pemerintah,0
2025-10-06T08:54:45Z,@Username57788,Kalau yg udah berumur diatas 30 trus cm lulusan smu bagaimana nih nasibnya !,1
2025-10-07T06:56:29Z,@eddytama3665,Berdoa,1
2025-10-06T03:25:59Z,@LukasManek-v4z,Enak yaa yg serjana kalo yg hanya sekolah menengah😂😂 ...mati dong <br>Padahal 80% pekerja di Indonesia tamatan sekolah menengah c😂😂,2
2025-10-06T03:14:07Z,@HalimahKutacane,Gmn cara daftar nya,0
2025-10-06T02:07:45Z,@wasisarch,Adakah kebenaran...yg ngotot sekolah...meski ortu gak mampu...nilai minim 9...beasiswa diputus..tidak ada perhatian pemerintah...sungguh miris...,0
2025-10-05T20:05:21Z,@Srr210,invalid terus padahal udah bener,0
2025-10-05T10:48:54Z,@Papat123-b1f,Yah anak sy SDH lulus 1 tahun LBH  tidak mendapatkan kesempatan  untuk daftar,0
2025-10-04T17:52:44Z,@gimeng22,minimal diploma berarti yah?,1
2025-10-04T17:13:19Z,@bullzi113,"Lulusan sd, smp, sma, bahkan yang putus sekolah gimana, sehina itu kah mereka 😢",4
2025-10-04T17:52:28Z,@gimeng22,baru mau nanya 😅 minimal diploma berarti yak,1
2025-10-05T12:14:39Z,@maadismadi7825,Ternyata Cuma untuk lulusan baru.  Program ecek ecek,3
2025-10-06T02:09:47Z,@wasisarch,Pemerintah merem...intinya tetap sama...harus andalkan diri sendiri untuk bisa bertahan hidup,1
2025-10-06T08:39:58Z,@MK22FEB,"👍Justru yg diutamakan lulusan SMA, yg ngk punya biaya &amp; ngk diterima di PT ... kasihan anak2 Qt ini, hrs menanti lagi kesempatan ditahun berikutnya... Ini kok justru sarjana2 lagi yg diberikan kesempatan, memangx waktu kuliah kurikulum apa aja yg mereka kerjakan, hingga hrs magang &amp; dibayar pula....mending program itu untuk tamatan SMA untuk 2 - 3 THN terakhir yg diprioritaskan",0
2025-10-04T16:51:56Z,@darwissimbolon-v7w,Semoga putra putri NKRI SDM nya semangkin mampu untuk mengikuti perkembangan jaman dan pemerintah jangan berhetikan magang ini,0
2025-10-04T16:21:44Z,@agustinuslose,"Ini program yg bagus,tolong ditingkatkan untuk mencetak SDM lebih berkualitas, kinerja baik,unggul dll,.dg memperbaiki kualitas SDM yg ada untuk berdaya saing dan membangun bangsa,...",0
2025-10-04T16:20:32Z,@agustinuslose,"Ini program yg bagus,tolong ditingkatkan untuk mencetak SDM lebih berkualitas, kinerja baik,unggul dll,.dg memperbaiki kualitas SDM yg ada untuk berdaya saing dan membangun bangsa,..klw boleh,..sebaiknya 1 tahun,bkan 6 bulan,..",7
2025-10-04T16:08:32Z,@djcukitozca4012,Msi prcya sma aplikasi pemerintah? Tahan sabar bro banyak bug error,0
2025-10-04T15:19:58Z,@hafizmuhammad1347,"Kalo Anis jadi presiden maka HTI dan FPI bisa eksis kembali😂😂😂. Itulah kenapa satu2 nya cara adalah hancurkan legitimasi Jokowi agar pengaruh kuatnya runtuh😂😂😂😂.<br>Sayangnya di Indonesia Jualan Agama sudah ga laku. Paling lakunya di Aceh ama di sumbar. Tapi lihat hasilnya daerah itu, miskinnnnnn",1
2025-10-04T16:00:03Z,@faizalmakhrus8645,Apakah kaya lalu dianggap baik??,0
2025-10-04T23:33:29Z,@pecintaterikmatahari6570,Ada apa denganmu?sadar bos jokowi sudah bukan presiden lagi.,1
2025-10-06T02:00:31Z,@umidini3444,"Yg habis ketemuan sama ba&#39;asyir kmrn siapa tu?<br>Ngomongin jualan agama???tuh yg jualan agama anak buahnya dia korupsi dana haji<br>Tuh habib luthfi yg di ajak kemana2 waktu kampanye biar kelihatan agamis, ternyata tukang bikin makam palsu demi cuan<br><br>Situ namanya ganti noohh...ga sesuai sama kelakuan<br>Cari duit halal ja,ga usah jd buzzer luuu",1
2025-10-06T03:25:48Z,@hafizmuhammad1347,"​​@umidini3444 ba asyir tobat karna JoKowi dan terbukti di zaman Jokowi Hampir tidak ada Bom karna pentolannya sudah di taklukkan dan HTI FPI di berantas😂😂😂. <br>Anis kampanye  jualan agama di mesjid, Jokowi kampanye ke pasar. Sudah lah ga usah   menyangkal kenyataan . Emang menurutlo HTI FPI itu Islam? Kalo iya berrti lo komplotannya😂😂😂",0
2025-10-04T15:05:27Z,@yuliusgarrelejo2058,"Tetap aja rakyat kecil juga jadi korban sdh sekolah tinggi2 ijazahnya jelas masih juga di persulit makanya anak2 muda pada kabur ke luar negeri apalagi sekarang sedang reme2nya pada kerja di Jepang, Jerman, Belanda dan negara lainya di sana lebih terjamin untuk masa depan di negara sendiri harus ada ORDAL.",0
2025-10-04T14:27:39Z,@PinwheelTape,Utk mensiasati data pengangguran 😂,3
2025-10-09T14:47:36Z,@Kaizennaka-l8g,Iya juga ya,0
2025-10-04T14:00:22Z,@AbiumiUmiabi-fi4if,MANTAN PRESIDEN DAN ANAK NYA KG JELAS PENDIDIKAN NYA KO BISA LOLOS... TAUSA PAKAI PERSYARATAN PENDIDIKAN SEGALA.. JGN DIPERSULIT RAKYAT YG MAU CARI KERJA... PEMERINTAH HARUS KASIHAN SAMA  RAKYAT BELA RAKYAT...,5
2025-10-04T15:18:49Z,@hafizmuhammad1347,Kalo Anis jadi presiden maka HTI dan FPI bisa eksis kembali😂😂😂. Itulah kenapa satu2 nya cara adalah hancurkan legitimasi Jokowi agar pengaruh kuatnya runtuh😂😂😂😂.,0
2025-10-04T22:47:40Z,@ngurahsandia292,"kasian kali si tolol ini smg lekas sembuh kamu,jokowi dah jadi penasehat di dunia internsional😂😂😂😂😂",0
2025-10-04T13:53:08Z,@alfaqirila_rahmati_rabbih1280,Apa itu magang nasional? Kom tiba2 magang? Magang apa?,3
2025-10-12T10:49:31Z,@bayuzumaki,"Magang khusus yg udah kuliah , dibawah itu ga dianggep, parah bener nih kemnaker",0
2025-10-10T17:04:26Z,@rachmanoviasari968,"kenapa syaratny minimal diploma/ perguruan tinggi dan bukan minimal SMA/SMK...pdhl berdasarkan persentase yang lulusan SMA/SMK lebih banyak yang pengangguran, harusnya hal ini juga perlu dpikirkan oleh pemerintah",0
2025-10-09T14:56:33Z,@yosua_Ryz,hadeh gue yg nanggur 2 tahun ga bisa daftar😭,4
2025-10-08T14:02:28Z,@maidoni2206,"Dungu bngt ya negeri ini, magang aja juga ada persyaratannya, kasihan yg lulusan sma sama smk apalagi yg belum pengalaman, yg diploma sama S1 juga kasihan cuma di kasih gaji ump, ga sesuai sama Pendidikannya, cape2x kuliah dpk kerjaan cuma magang di gaji ump, akal bulus Pemerintah😂",0
2025-10-10T10:09:43Z,@bastenfery6795,"Apalagi gue bang, udah 2 tahun lebih gak dapet kerja formal semenjak lulus kuliah apalah daya syaratnya maksimal  fresh graduete  1 tahun dan gue udah 2 tahun😊😢",0
2025-10-06T14:10:42Z,@MahpudinTPS011,"Ko ga ada SMK untuk program Magangnya, padahal untuk jadi calon Presiden dan wakil Presiden saja minimal SMA dan sederajat masa untuk program magang tidak ada untuk lulusan SMK?",1
2025-10-06T10:04:58Z,@kirman66,semoga rakyat  miskin semakin di perhatikan oleh pejabat pejabat  pemerintah,0
2025-10-06T08:54:45Z,@Username57788,Kalau yg udah berumur diatas 30 trus cm lulusan smu bagaimana nih nasibnya !,1
2025-10-07T06:56:29Z,@eddytama3665,Berdoa,1
2025-10-06T03:25:59Z,@LukasManek-v4z,Enak yaa yg serjana kalo yg hanya sekolah menengah😂😂 ...mati dong <br>Padahal 80% pekerja di Indonesia tamatan sekolah menengah c😂😂,2
2025-10-06T03:14:07Z,@HalimahKutacane,Gmn cara daftar nya,0
2025-10-06T02:07:45Z,@wasisarch,Adakah kebenaran...yg ngotot sekolah...meski ortu gak mampu...nilai minim 9...beasiswa diputus..tidak ada perhatian pemerintah...sungguh miris...,0
2025-10-05T20:05:21Z,@Srr210,invalid terus padahal udah bener,0
2025-10-05T10:48:54Z,@Papat123-b1f,Yah anak sy SDH lulus 1 tahun LBH  tidak mendapatkan kesempatan  untuk daftar,0
2025-10-04T17:52:44Z,@gimeng22,minimal diploma berarti yah?,1
2025-10-04T17:13:19Z,@bullzi113,"Lulusan sd, smp, sma, bahkan yang putus sekolah gimana, sehina itu kah mereka 😢",4
2025-10-04T17:52:28Z,@gimeng22,baru mau nanya 😅 minimal diploma berarti yak,1
2025-10-05T12:14:39Z,@maadismadi7825,Ternyata Cuma untuk lulusan baru.  Program ecek ecek,3
2025-10-06T02:09:47Z,@wasisarch,Pemerintah merem...intinya tetap sama...harus andalkan diri sendiri untuk bisa bertahan hidup,1
2025-10-06T08:39:58Z,@MK22FEB,"👍Justru yg diutamakan lulusan SMA, yg ngk punya biaya &amp; ngk diterima di PT ... kasihan anak2 Qt ini, hrs menanti lagi kesempatan ditahun berikutnya... Ini kok justru sarjana2 lagi yg diberikan kesempatan, memangx waktu kuliah kurikulum apa aja yg mereka kerjakan, hingga hrs magang &amp; dibayar pula....mending program itu untuk tamatan SMA untuk 2 - 3 THN terakhir yg diprioritaskan",0
2025-10-04T16:51:56Z,@darwissimbolon-v7w,Semoga putra putri NKRI SDM nya semangkin mampu untuk mengikuti perkembangan jaman dan pemerintah jangan berhetikan magang ini,0
2025-10-04T16:21:44Z,@agustinuslose,"Ini program yg bagus,tolong ditingkatkan untuk mencetak SDM lebih berkualitas, kinerja baik,unggul dll,.dg memperbaiki kualitas SDM yg ada untuk berdaya saing dan membangun bangsa,...",0
2025-10-04T16:20:32Z,@agustinuslose,"Ini program yg bagus,tolong ditingkatkan untuk mencetak SDM lebih berkualitas, kinerja baik,unggul dll,.dg memperbaiki kualitas SDM yg ada untuk berdaya saing dan membangun bangsa,..klw boleh,..sebaiknya 1 tahun,bkan 6 bulan,..",7
2025-10-04T16:08:32Z,@djcukitozca4012,Msi prcya sma aplikasi pemerintah? Tahan sabar bro banyak bug error,0
2025-10-04T15:19:58Z,@hafizmuhammad1347,"Kalo Anis jadi presiden maka HTI dan FPI bisa eksis kembali😂😂😂. Itulah kenapa satu2 nya cara adalah hancurkan legitimasi Jokowi agar pengaruh kuatnya runtuh😂😂😂😂.<br>Sayangnya di Indonesia Jualan Agama sudah ga laku. Paling lakunya di Aceh ama di sumbar. Tapi lihat hasilnya daerah itu, miskinnnnnn",1
2025-10-04T16:00:03Z,@faizalmakhrus8645,Apakah kaya lalu dianggap baik??,0
2025-10-04T23:33:29Z,@pecintaterikmatahari6570,Ada apa denganmu?sadar bos jokowi sudah bukan presiden lagi.,1
2025-10-06T02:00:31Z,@umidini3444,"Yg habis ketemuan sama ba&#39;asyir kmrn siapa tu?<br>Ngomongin jualan agama???tuh yg jualan agama anak buahnya dia korupsi dana haji<br>Tuh habib luthfi yg di ajak kemana2 waktu kampanye biar kelihatan agamis, ternyata tukang bikin makam palsu demi cuan<br><br>Situ namanya ganti noohh...ga sesuai sama kelakuan<br>Cari duit halal ja,ga usah jd buzzer luuu",1
2025-10-06T03:25:48Z,@hafizmuhammad1347,"​​@umidini3444 ba asyir tobat karna JoKowi dan terbukti di zaman Jokowi Hampir tidak ada Bom karna pentolannya sudah di taklukkan dan HTI FPI di berantas😂😂😂. <br>Anis kampanye  jualan agama di mesjid, Jokowi kampanye ke pasar. Sudah lah ga usah   menyangkal kenyataan . Emang menurutlo HTI FPI itu Islam? Kalo iya berrti lo komplotannya😂😂😂",0
2025-10-04T15:05:27Z,@yuliusgarrelejo2058,"Tetap aja rakyat kecil juga jadi korban sdh sekolah tinggi2 ijazahnya jelas masih juga di persulit makanya anak2 muda pada kabur ke luar negeri apalagi sekarang sedang reme2nya pada kerja di Jepang, Jerman, Belanda dan negara lainya di sana lebih terjamin untuk masa depan di negara sendiri harus ada ORDAL.",0
2025-10-04T14:27:39Z,@PinwheelTape,Utk mensiasati data pengangguran 😂,3
2025-10-09T14:47:36Z,@Kaizennaka-l8g,Iya juga ya,0
2025-10-04T14:00:22Z,@AbiumiUmiabi-fi4if,MANTAN PRESIDEN DAN ANAK NYA KG JELAS PENDIDIKAN NYA KO BISA LOLOS... TAUSA PAKAI PERSYARATAN PENDIDIKAN SEGALA.. JGN DIPERSULIT RAKYAT YG MAU CARI KERJA... PEMERINTAH HARUS KASIHAN SAMA  RAKYAT BELA RAKYAT...,5
2025-10-04T15:18:49Z,@hafizmuhammad1347,Kalo Anis jadi presiden maka HTI dan FPI bisa eksis kembali😂😂😂. Itulah kenapa satu2 nya cara adalah hancurkan legitimasi Jokowi agar pengaruh kuatnya runtuh😂😂😂😂.,0
2025-10-04T22:47:40Z,@ngurahsandia292,"kasian kali si tolol ini smg lekas sembuh kamu,jokowi dah jadi penasehat di dunia internsional😂😂😂😂😂",0
2025-10-04T13:53:08Z,@alfaqirila_rahmati_rabbih1280,Apa itu magang nasional? Kom tiba2 magang? Magang apa?,3
2025-12-14T11:44:15Z,@madearrini2294,Pak menteri apakah dengan adanya program magang ini setelah selesai 6 bulan apakah anak saya akan menganggur lagi ? .. kebetulan anak saya di terima di kementerian hukum bagian APBN  <br>Nah bagaimana nanti bisa mengembangkan karier nya kalau bisa dijadikan tenaga tetap kasian 🙏🤲😇,0
2025-11-30T08:02:51Z,@kokowidoyoko123,"kok yg di bahas hanya magang di perusahaan saja, yg di kementerian kan juga ada. setelah selesai magang 6 bulan, nganggur lg kah ?",0
2025-11-24T14:23:48Z,@ShamilGhazi123,"Ibarat kawin kontrak, pengennya sih diberikan status sebagai istri resmi, tapi apa daya pemerintah gak bisa nyarikan pekerjaan yang layak. Ayou GenZ, ini program cuma akan menghabiskan waktu produktif kalian untuk berkembang. Lebih baik berjuang sendiri, cari jalan sendiri jangan berharap pada pemerintah yang tidak memperhatikan kita. Fight terus pokoknya.",0
2025-11-24T03:13:40Z,@rafaasyraf810,Hapus batasan umur dan cari kerja ke luar negri bnyk loker,0
2025-11-22T04:31:19Z,@chairulsyamsuddin436,Putraku Jurusan IT,0
2025-11-22T04:30:29Z,@chairulsyamsuddin436,Apa ada magang untuk penyelesaian kuliah ?,0
2025-11-17T23:59:08Z,@roxanarosaTambunan,"Tolong jurusan hukum magang di kejagung,kejari, kejaksaan tinggi, kehakiman IP 3,5 ke atas",0
2025-10-27T13:57:19Z,@YuliaWulandari-kj8dh,"Media tolong selidiki perusahaan2 yang memberikan gaji di bawah ump... Khususnya, cv karya bhakti mulyo. Kel sumur batu rt 001 rw 001, kota bekasi...<br><br>Perusahaan salah satu pendor otomotif bidang manufaktur tetapi memberikan upah yang tidak layak dengan gaji 80 rbu rupiah... <br><br>Dan sering terjadi kecelakaan kerja.. Dan tidak dapat kepastian setelah kecelakaan bahkan tidak di beri konfensasi... <br><br>Tks",0
2025-10-18T06:14:06Z,@Ahmad-g4c4j,"Tapi jgn sampe dijadikan sumber pencari cuan,buat,RT,lurah,sampe keatasnya usahakan sglanya gratis",1
2025-10-15T22:54:27Z,@muhammadmustainmustain6774,Anehnya ada pejabat rangkap tiga jabatan sekaligus padahal panyak pengangguran wakil menteri komdigi komisaris jga,0
2025-10-15T21:31:40Z,@fikonosajaya6955,Omon2 nanti syarat goodlooking berpengalam prett,0
2025-10-15T14:44:46Z,@TintinNurhayati-yn9uf,pak webset nya di tulis biar jelas.<br>dan tolong beri kesempatan utk umur 30 th ke ats yg jg nganggur karna dulu sulit cari kerja,1
2025-10-14T23:59:00Z,@DidiSupriadi-q9i,Kebijakan bagus tp aneh,0
2025-10-14T23:57:50Z,@DidiSupriadi-q9i,Kasian lulusan yng lama blm dpt pekerjaan krn memang susah cari kerja. <br>Ko malah lulusan baru yng dpt kesempatan. <br>Aneh,1
2025-10-15T14:54:23Z,@TintinNurhayati-yn9uf,betul bngt,0
2025-10-14T20:06:38Z,@IdontSelf-o2d,Bagaimana ya anak saya sudah daftar dan sudah ngablud sarat2nya tapi kok tidak memenuhi sarat gimana ini,0
2025-10-14T13:40:27Z,@nikkoantidc612,jangan untuk lulusan S1 doank dong...yg lulusan SMA/SMK juga butuh magang,2
2025-10-15T14:49:27Z,@TintinNurhayati-yn9uf,betul bngt,1
2025-10-14T05:43:35Z,@ronxander,Magang dpt uang makan &amp; transport gak pak?,0
2026-01-01T05:09:54Z,@agusmulyadi7849,"dapet kak , kebetulan anak sy diterima di bacth 2,gaji nya umr dki , kebetulan kami tinggal di jakarta",0
2025-10-14T05:06:40Z,@shaniashania1588,Lulusan lama bgmn? Sdh nganggur puluhan thn...,1
2025-10-14T04:40:28Z,@jidaacili,"Katanya seluruh indonesia, kenyataannya diriau ga ada.",0
2025-10-13T16:34:00Z,@EponAikah-rf2dz,"Sayang nggak adil nggak bijak.cuma lulusan yg baru 1taun yg dipanggil.kasihan2 sama orang tua yg sudah membiayai anaknya.kelulusan yg lebih 1 taun yg belum dapat pekerjaan bukan nggak cari kerja.beberapa kali interview yg di terima yg sudah punya pengalaman kerja.kapan punya pengalaman kerja, kapan bisa kerjanya.kalau ada persyaratannya yg sudah kerja.semua warga Indonesia punya hak.jangan di anak tirikan.tolong bisa ikut manggang .juga.duuuuuuh sedih yaa sebagai orang tua ada aturan maksimal 1taun.",1
2025-10-13T14:46:19Z,@aingmacan3020,"SDH daftar tp mental  ... Krn lulus di bln Agustus 2024  dan blom pernah bekerja ,ngak jelas deh ..masa hrs saklek maksimal 1 thn .tolong pak Mentri solusinya......",1
2025-10-15T14:57:34Z,@TintinNurhayati-yn9uf,"betul , iitu sih bkn solusi",0
2025-10-13T14:15:30Z,@MASS-ij2mi,Mau kerja???<br>Jadi Relawan dulu baru minta kerjaan.,2
2025-10-13T13:07:29Z,@arwahsapi,Hati-hati guys ini kemungkinan jebakan nanti kalian akan disekap untuk dikirim ke Kamboja,0
2025-10-15T14:59:50Z,@TintinNurhayati-yn9uf,"jgn su udzon jg lah , mknya dengarkan dr awah hingga tuntas biar jelas",0
2025-10-13T10:49:56Z,@ryukendo4489,"Menurut saya ini tidak cukup untuk jadi solusi,, kenapa program magang nasional hanya ditujukan untuk lulusan perguruan tinggi sedangkan lulusan SMA jga cukup banyak dinegri ini",2
2025-10-15T14:52:04Z,@TintinNurhayati-yn9uf,"bkn cukup bnyk tp sgt bnyk , dan klo bisa umur jgn dibatas atau palung tdk  umur 30 samp 40 tlg beri kesempatan utk kerja",1
2025-10-13T10:16:29Z,@ideastmrg,"Ajang baru ladang Korupsi,Semua akan berujung Korban kongkalikong, <br>   Sejak dini sudah mulai pasang kuda kuda dan strategi,Para ahli mafia pikiran kotor, para Professor otak bocor ,ahlak dan moral biadab akan menyusup masuk ke jantung pengaturan system ala bool alias main belakang.<br> Tidak akan berjalan mulus apalagi dengan tulus,karena perilaku bangsa ini sudah busuk dan bau,Penuh dengan belatung yg sudah lama mangap menggerogoti nurani.",0
2025-10-13T09:20:41Z,@meisidabutar3452,"Ya Betul Pak jng sampai ada yg memanfaat kan.<br>Program ni..jadi lahan ..untuk ngambil job😊🙏🏻..biasa Pak setiap ada program ada kesempatan yg utk memanfaat kan..tolng biar lbh tepat sasaran tampa embel2 ada yg manfaat kan utk mengutip dana pulak uang masuk,😊🙏🏻.<br>Dan benar juga tolng Pak ..yg belum dapat kerja 2 atau 3 thn masih ada kesempatan..😊🙏🏻",0
2025-10-13T08:50:16Z,@rosmiatikheriyani5601,Cara mendaftar nya bagaimana pak? Klu jurusan psikologi,1
2025-10-13T08:04:19Z,@bambangtheo5640,"Kabinet koplak Omon-omon ini dipenuhi menteri yang programnya tanpa visi, misi dan terkesan asal - asalan. Pertanyaan pada Prabowo adalah ada berapa lulusan setiap tahun dibanding  peluang kerja?  Berapa bidang dan disiplin ilmu bisa diserap?. Bagaimana dengan yang non sarjana karena ketidak mampuan ekonomi? Dll, dsb. <br><br>Apakah tujuan pendidikan adalah agar bisa diterima jadi karyawan 😂?<br><br>Prabowo dan Jokowi setali tiga uang.",0
2025-10-13T10:21:58Z,@arifrachman6088,"ngeluh mulu ,<br>maunya ape sih ?",0
2025-10-13T07:55:09Z,@melikanuha9284,"Yg sudah lima tahun lulus tapi blm kerja gimana, bolehkah",1
2025-10-13T07:51:25Z,@putrowongso1008,Kalau yang 3th blm kerja bisa nggak.soanya udah ndaftar sendiri nggak ada yang diterima,1
2025-10-13T07:41:16Z,@julianasiahaan4699,"Semoga tidak ada KKN YA PAK MENTRI,MURNI BIAR ADA KEADILAN KARENA ANAKKU JUGA DAFTAR.",0
2025-10-15T15:00:18Z,@TintinNurhayati-yn9uf,betul,0
2025-10-13T07:18:25Z,@asepbossep8377,"Asal jangan nepotisme lg,, di BUMN ataupun PNS, aparatur masih banyak tuh yg  nepotisme , kolusi dan korupsi,,  masih banyak calo masuk kerja.",5
2025-10-15T14:45:34Z,@TintinNurhayati-yn9uf,"betul,takutnya nanti yg ngasih tes nepotisme",0
2025-10-13T07:11:56Z,@rosyidali-h9w,"Magang ini cukup bagus, tapi lebih bagus lagi, mereka di gebleng sebagai Wiraswasta yang tangguh, karena melakukan langkah kerja keras untuk memciptakan lapangan kerja bagi dirinya, kalau magang untuk jadi karyawan perusahaan berakibat berarti belum.bermanfaat untuk menciptakan dunia usaha, makanya perlu ada evaluasi untuk masa depan bangsa ini.",1
2025-10-13T07:23:15Z,@akunformalitas,"Bagus ini. Pendidikan kita sangat minim materi kewirausahaan sehingga sedikit yang berwirausaha, jauh lebih banyak yang nyari kerja",1
2025-10-13T07:31:23Z,@dekdek9366,"Harusnya memang begitu, tp balik lg ke pribadi masing2.<br>Karena dikampus sy ada mata kuliah technopreneurship dan ini mata kuliah wajib.<br>Jd waktu belajar kita bisa punya gambaran.<br>Hasilnya setelah lulus bisa punya usaha yg sejalan dgn ilmunya, meski tertatih untuk modalnya",0
2025-10-13T03:55:05Z,@rezafachfreesoul5642,"Alhamdulillah, smoga bisa membantu anak2 muda indonesia,terobosan setelah Kemennaker tercoreng oknum2",7
2025-10-08T03:50:37Z,@HarianKompasCetak,"Baca juga berita lainnya di <a href=""http://kompas.id/"">kompas.id</a><br>Bagaimana Panduan Program Magang bagi ”Fresh Graduate”? - <a href=""http://komp.as/48jsT43"">komp.as/48jsT43</a><br>Baca berita dengan Kompas digital premium, akses langganan: <a href=""https://komp.as/BacaLagi"">https://komp.as/BacaLagi</a>",2
2025-10-11T04:17:44Z,@sandradwiyana5588,Kok masuknya error yaa,0
2025-10-14T14:12:00Z,@stiyw,"Ya,   Semoga  saja  berlanjut  selama  nya   dan  selama nya amiiiiin.<br>.",0
2025-10-12T14:16:58Z,@sandradwiyana5588,Masuknya error nggak jelas gitu,0
2025-10-12T08:53:54Z,@Rd-cc2lh,ternyata maksimal hanya untuk yang lulus 1 tahun belakangan.,0
2025-10-12T08:23:37Z,@Nonamer-tb8uy,cuman kontrak doang..<br>..berarti sementara😅😅😅,0
2025-10-12T05:45:10Z,@wondersalon2744,Seluruh perusahaan di indonesia harus melalui depnaker dlm penyaluran tenaga kerja...kementrian tenaga kerja hrs ikut andil dln penyaluran tenaga kerja agar tidak ada lagi tenaga kerja yg harus bayar untuk bekerja dan hapus ke agenan tenaga kerja agar rakyat bisa dapat bekerja di negaranya sendiri,0
2025-10-11T04:18:59Z,@sandradwiyana5588,Kok error yaa,0
2025-10-11T00:58:21Z,@asasintechnofani4816,Tolong Jangan liat usia syarat magang nya.<br>Kalau terbukti liat usia harus di hukum perusahaan atau instansi nya.,0
2025-10-10T07:43:45Z,@susisilviyanti8209,"Magang di BUMN atau swasta yg terkenal seprrti Paragon misalnya, paling yg ditrima yg punya koneksi dan PTN  5 besar. Selebihnya zonk. Jgn kan PTS yg setengah2, PTN yg bukan 10 besar aja baru kirim aplikasi magenta sdh ditolak. Perlu diingat pak mentri dan jajaran pejabat BUMN terutama bank BUMN kalian digaji krn mahasissa2 srluruh Indo meembayar UKT dgn bank BUMN kalian, ada kerja sama, pas melamar ketja ditolak krn bukan dr PErg. Tinggi bonafid. Tolong jgn diskriminasi",0
2025-12-29T01:05:37Z,@agusmulyadi7849,"ga juga kak anak ku lulusan unj dapet magang di jasa Raharja,sedangkan keponakan ku lulusan pnj dapet juga magang di BNI",0
2025-10-10T04:32:03Z,@marsiwiyadi2235,Semoga anak ku diterima magang di salah satu PT yg ditawarkan ada lowongan aamiin ya Robbal&#39;alamiin,1
2025-10-10T03:14:57Z,@bambang-s9d,Barokallah... smg jd efek baik utk indonesia selanjutnya,1
2025-10-10T01:50:30Z,@alkhairy-246,"Sekedar saran coba pemerintah membuka lembaga pendidikan keterampilan gratis dan peserta pelatihan diberi uang saku , pelatihan bisa meliputi pertukangan,perpipaan, otomotif, kelistrikan, pengelasan, dll, maaf hanya sekedar saran, dulu jaman covid saja mampu mensubsidi obat buat rakyatnya, lalu kenapa tidak bisa membiaya rakyatnya utk pendidikan keterampilan?",0
2025-10-12T05:30:02Z,@ZuhrainiAja,Jangan di batasi umur,0
2025-10-12T05:31:42Z,@ZuhrainiAja,Yg gak sarhana kek mana  sarjana bagi orang yg mampu,0
2025-10-09T08:30:24Z,@wahyuprabowo7193,Banyak diskriminasi gak magang gak pekerjaan,0
2025-10-09T07:32:39Z,@crystianngrha69,nipu katanya 20.000 loker magang faktanya nyampe 1000 loker jga engga wkwkwk,0
2025-10-08T13:43:24Z,@Hendriperdana-p7s,"harusnya buka program pelatihan di setiap provinsi, jadi kalaupun udah ada skill. terus lowongan nya gak ada masih bisa nyari diluar",0
2025-10-08T11:21:31Z,@EponAikah-rf2dz,Sayang hanya lulusan 1taun baru lulus.bagai mana nasib yg lebih2 taun belum.dapat kerjaan harusnnya pemerintah bijak buat semua sarjana ug belum dapat pekerjaan.mohon di pikirkan semuanya sama warga Indonesia berhak dapat pekerjaan jangan di anak tirikan,2
2025-10-08T13:44:49Z,@Hendriperdana-p7s,"daripada buat program magang, kenapa gak diperbanyak aja pelatihan kerja. biae ada skill nya masyarakat",0
2025-10-08T08:45:36Z,@SenimanSH,Menaker ada program Magang   kerja kurang tepat prioritas utama harusnya pengangguran  dulu prioritas  biar jelas perintah Presiden Prabowo Gibran dilaksanakan sampai ke orang tidak mampu.,0
2025-10-08T08:16:09Z,@ekowijaya3104,Tgl 8 Okt Sdh Full,0
2025-10-08T05:58:12Z,@HonoCoroko-e2x,Omong kosong 😂,2
2025-10-08T05:44:55Z,@chromecast943,Hapus batas umur pelamar,1
2025-10-08T05:42:16Z,@Ardaandmom,Setuju jadi fresh greduated ada skill siap kerja,0
2025-10-08T05:09:02Z,@DistrikAsik,Kalau ngak ada kenalan orang dalam janganharap,0
2025-10-08T04:52:52Z,@elbettamora3020,"Intinya hanya jujur yg harus ditegakkan, KLO semua berbuat jujur sy yakin tak ada hambatan.",1
2025-10-08T04:32:19Z,@qwerty-zj7nm,Solusi baik beritanya.,0
2025-10-08T03:50:37Z,@HarianKompasCetak,"Baca juga berita lainnya di <a href=""http://kompas.id/"">kompas.id</a><br>Bagaimana Panduan Program Magang bagi ”Fresh Graduate”? - <a href=""http://komp.as/48jsT43"">komp.as/48jsT43</a><br>Baca berita dengan Kompas digital premium, akses langganan: <a href=""https://komp.as/BacaLagi"">https://komp.as/BacaLagi</a>",2
2025-10-11T04:17:44Z,@sandradwiyana5588,Kok masuknya error yaa,0
2025-10-08T03:44:43Z,@sripangastuti4014,KALAU SUDAH DISEPAKATI UNTUK MAGANG YA.  BERARTI JANGAN MENUNTUT!!!!,1
2025-10-08T03:26:03Z,@jackintel8820,Yang habis pikir kadang2 ya.. Mau lamar ke Perusahaan Universitas nya sendiri.. Tapi dibatas usia yg melamar.. Ini adalah spekulasi buat universitasnya khususnya STT PLN. Maaf kalau tidak salah baru2 ini ada penerimaan tapi dibatasi umur dibawah 27 tahun.. Padahal anak kita lulusan Dari Fakultas itu sendiri.. Umur anak 29 Tahun.. Jadi ini permainan universitas sendiri.,3
2025-10-08T02:17:11Z,@matadunia276,"Pengangguran smkn bnyk dr berbagai status. Klo bisa buka loker seluas-luasnya tnp sekat status &amp; batas usia. Hindari jasa titipan &amp; sogokan orang dalam. Test yg jujur, terbuka &amp; brtanggung jawab.",2
2025-10-08T01:40:26Z,@HasanudinUdin-z2p,Untuk lulusan SLTA sederajat kapan ya,0
2026-01-13T03:52:56Z,@belajardihariyansha,Bru kali ini merinding dngn program pemerintah,0
2025-12-28T07:06:02Z,@HakiHalim,gw upah magang 3bln pertama 70% 😂,0
2025-11-15T06:22:22Z,@RizzM4,"Ujungnya penolakan berdasarkan diskriminasi-rasis juga. Fresh graduate lebih dari 1 tahun (kayak 1.5 tahun) dilarang keras untuk ikut itu, kecuali dighosting, ditolak, ditipu dan database nya didoxing terus.",0
2025-10-27T07:48:52Z,@ponticarla9725,"Kenapa cm fresh graduate ? Gmn nasib lulusan sblmnya yg blm dpt kesempatan kerja ? Sementara usia mrk bertambah terus &amp; makin sulit dapat job. Mrk hrs mengejar ketertinggalan utk memperbaiki portofolio.  Justru yg FG masih byk kesempatan. Di era presiden sblmnya para lulusan D1/D3/S1 ga dpt program spt ini, cm ada program pelatihan pra kerja tanpa disediakan lapangan pekerjaannya. Tlg dikaji kembali ya pak Menteri...",1
2025-10-14T06:27:02Z,@samboro5473,"Kalau nggak bisa nyiptain lapangan kerja, tidur ajalah om 🤮🤮🤮🤮🤮🤮",0
2025-09-17T10:03:18Z,@j.v.bhartanta5073,Minimal ada ordal lah,1
2025-09-17T09:50:49Z,@Flostar234,"Pa...magang boleh ga kalo syratanya simpel aja. Soalnya banyak diluar sana syaratnya ga masuk akal. Harus kayak malaikat sama nabi gitu pa syaratnya, kan susah. Lah kita manusia biasa eisuruh se sempurna malaikat sama nabi",0
2025-09-17T09:30:12Z,@ulimarbun2891,Mantap.,0
2025-09-17T09:15:01Z,@rensetya3139,tumben kerja😂😂,0
2025-09-17T07:45:16Z,@deri7930,Perusahaan apa .. wong pada tutup bangkrut,0
2025-09-17T07:35:02Z,@jusfixmobile182,Tangkap ini mentri,0
2025-09-17T06:33:02Z,@jayzaidan6604,Ogah 😂,0
2025-09-17T04:46:34Z,@jackman-f1r,angin segar bagi gen z,0
2025-09-17T04:12:57Z,@panditjs,Paling jg anak2nya pejabat yg masuk..😂😂😂,4
2025-11-15T06:18:24Z,@RizzM4,"Realita dilapangan GAGAL TOTAL: banyak clickbait, penolakan berdasarkan syarat diskriminasi-rasis masih terjadi, dan Fresh graduate yang 1,1 tahun dilarang daftar apapun.",0
2025-10-13T07:20:27Z,@SentinelGaming99,Wkwkwk masih aja ada lulusan maksimal 1th😂kocak emang,2
2025-10-10T13:12:20Z,@novahelena4298,UMUR 😢,0
2025-10-09T10:09:01Z,@SalmaDewi-yq6tc,"Untuk kenenaker,tolong biaya kerja keluar negeri dibuat seminimal mungkin banyak yg minat kerja ke jepang dan korea,,namun biayanya terlalu mahaal..agar jumlah pengangguran diIndonesia berkurang.",0
2025-10-08T15:39:03Z,@vidio.1jt,Indonesia cm di pulau jawa 😂,0
2025-11-08T08:37:14Z,@bukanmanusiabukanmanusia4172,Tanya perusahaan luar Jawa kenapa dikit 😂,0
2025-10-08T14:47:00Z,@KarsonoUnang-jd1yk,"Sd smp, ga di bantu sangat jos",0
2025-10-08T13:31:55Z,@kunadibae-h2t,msh diskriminasi,0
2025-10-08T11:40:17Z,@MerantiMeranti-x7f,PERINGATAN.MALAM INI ADA GEMPA BESAR.,0
2025-10-08T11:29:34Z,@simerkraser3310,Jika lolos kok jahat admin😅,0
2025-10-08T10:54:45Z,@kartunketawa2025,Maaf lulusan SMK ga termasuk 😅,0
2025-10-08T09:30:49Z,@srifitriwahyuni9187,Mestinya beri kesempatan juga kpd lulusan 3-4 tahun yg masih belum kerja.,4
2025-10-08T09:38:15Z,@yookafamily,"S1 udh 3 tahun ga krja aneh ga sih?, maaf.",0
2025-10-08T10:12:35Z,@srifitriwahyuni9187,​@yookafamilylah sombongnya....,0
2025-10-08T10:55:09Z,@UFO5271,​@yookafamilyemang gampang cari kerja?,0
2025-10-08T12:14:19Z,@yookafamily,"​@UFO5271S1 udh 3 tahun ga krja, why???",1
2025-10-08T13:47:15Z,@Ofc.Raiden_Mei,"​@UFO5271 ya prodi yang diambil waktu kuliah apa? <br>Prodi tata boga tapi pas lulus mau jadi hakim? <br>Persaingan itu akan terus ada, yang menyerah justru itu yang sudah dpt kerja.",1
2025-10-08T09:28:40Z,@JamilUdin-p1h,"Yang penting dapat kerja, apa pun itu dari pada menganggur terus jadi pengamen dan gelandangan justru",1
2025-10-08T09:11:53Z,@RahmahYuri,Lulusan maksimal 1 tahun kurang berkeadilan. harus maksimal 5 tahun. Karena banyak pengangguran di range usia itu. Jadi ada peluang untuk memperbaiki hidup dan masa depan.,14
2025-10-08T09:06:04Z,@UdinUdin-z7z,"Cuman buat yang lulusan D sama S, yang lulusan SMA gak ke pakai, gimana tuch yang cuman lulusan SMA",3
2025-11-16T16:30:19Z,@ditanurdkjannah4310,​@yookafamilyyaudin,0
2025-10-08T08:12:18Z,@korupsi56,"Intinya adalah prabowo tidak bisa mengurus negara dan tidak mampu untuk bikin rakyatnya bekerja dan sejahtera <br><br>Indonesia wajib harus dibubarkan dan diganti dengan negara Amerika <br><br>Pemerintahan USA akan ada di Indonesia <br><br>Amerika nanti yg akan ngurus negara Indonesia, mengelola semua sumber daya alam dan kekayaan laut Indonesia",0
2025-10-08T08:22:10Z,@heriegurel2203,waktu pembagian otak sepertinya anda cuma kebagian sedikit😃,3
2025-10-08T08:26:47Z,@Kupu-kupuBiru-h4q,"Idih, udah gede ngomong belepotan begitu, ngga malu john!? 😂🎧📖☕",1
2025-10-08T08:55:25Z,@korupsi56,Tunggu sampai Amerika berhasil mengambil Indonesia <br><br>Semua kejahatan dan kekejaman presiden Indonesia dan semua pejabatnya akan dibongkar oleh Amerika <br><br>Semua pejabat Indonesia pasti akan dihukum oleh USA​@heriegurel2203,0
2025-10-08T09:09:34Z,@korupsi56,Tunggu waktunya saja<br>Amerika pasti akan dirikan pemerintahan USA di Indonesia <br><br>Indonesia akan dijadikan oleh Amerika sebagai pangkalan militer US ARMY dan NATO terbesar di dunia <br><br>Amerika akan dirikan tempat judi dan kasino di seluruh Indonesia.Dan akan menjadi tempat perjudian terbesar di dunia <br>​@heriegurel2203,0
2025-10-08T10:09:26Z,@menotfunnyclips8982,percuman gk ada peduli rakyat amerika juga rakyat itu memang tatanan sosialnya ditindas selamanya tuhan saja gk peduli,0
2025-10-08T08:07:37Z,@korupsi56,"Mudahnya prabowo menipu dan membodohi rakyatnya 😂😂😂😂😂<br><br>Rakyatnya disuruh magang 😂😂😂😂<br><br>Sementara prabowo buat kabinetnya sangat banyak dan bukan magang 😂😂😂😂😂😂<br><br>Prabowo bikin rakyatnya menderita, miskin dan jd pengangguran 😂<br><br>Tp rakyat Indonesia hanya diam saja tidak berani untuk lengserkan prabowo gibran 😂😂😂😂😂😂<br><br>Rakyat Nepal lebih pintar dan berani untuk lengserkan presiden Nepal<br><br>Rakyat Indonesia very stupid 😂😂😂😂😂😂😂",2
2025-10-08T10:56:39Z,@UFO5271,Buzer nih,0
2025-10-08T11:06:53Z,@korupsi56,Sya sudah tidak sabar ingin melihat negara sya mendirikan pemerintahan di Indonesia <br>​@UFO5271,0
2025-10-08T12:12:17Z,@ritzyrasfin3113,Loe goblok dan penuh kebencian..loe pikir gampang nyediain lapangan kerja ..buat gen milenial yg seabrek2,0
2025-10-08T08:02:33Z,@赵sanny,"Kerja nya nanti  dibeliin rumah ga, soalnya tetangga saya yang rese kerja di pt dan sekarang udah pindah dia bilang di beliin rumah sama boss nya, dan kata ibu kontrakan sini karyawan pt nya di beliin rumah 1 orang 1 rumah😂😂",0
2025-10-08T10:56:02Z,@UFO5271,Hoax teman loe 😂😂,1
2025-10-08T11:01:05Z,@赵sanny,​@UFO5271itu orang emanq suka halu 😅,1
2025-10-08T07:58:27Z,@BoCiLMafiaa,Kebanyakan iyaa.😂 kalau dpat manajer yg bagus ngk pp,4
2025-10-08T11:30:32Z,@simerkraser3310,Nah,0
2025-10-08T07:57:55Z,@BoCiLMafiaa,Spill...Gajih😂,0
2025-10-08T08:32:44Z,@crosstheline88,"3.3 juta perbulan, aku liat di website Krmnaker",0
2025-10-12T00:45:24Z,@nickypaoki7788,Diskriminasi batas usia. Saya pengangguran lulusan S1 Pendidikan 2016.,0
2025-10-10T06:08:47Z,@SarahSarah-q9e,Daptar nya kemna pak?,0
2025-10-08T00:58:03Z,@Semogaingat,"Kok cuma 6 bulan aja?minimal 2 tahun baru top,umur ga perlu di batasi karena yang menganggur bertahun2 banyak juga,mereka rela di gaji magang asal tetap kerja😢",2
2025-10-07T18:52:08Z,@denisFathir-y4o,Ini program bagus hanya sayangnya diskriminasi  pendidikan dan usia&#39;harusnya sma dsn smk juga bisa &#39;Krn mereka punya kesempatan yg sama sebagai warga negara indonesia jangan hanya D3 dan S1 ajh yg bisa melamar Piye to pak menteri  terkait?😊 yg dibutuhkan saat ini bagi rakyat adalah lapangan pekerjaan yg layak dengan gaji umr Krn ini sangat urgent &#39;semoga rakyat indonesia sejahtera dan maju 😊,0
2025-10-07T14:25:58Z,@EponAikah-rf2dz,"Pemerintah Jang membatas orang yg lulusnya taun 2022.jangan.menganak tirikan,semua warga Indonesia punya hak untuk bekerja.mohon  di perhatikan cari kerja susah.",1
2025-10-07T09:06:55Z,@RUMANTORum,"Untuk pengangguran dan yg izazah SMP saja ,, ada solusi engga",0
2025-10-07T04:44:14Z,@lyariesyuwono5014,"Kalau lulusan lama tapi belum bekerja sampai saat ini, apakah diberi kesempatan untuk magang.",0
2025-10-06T14:49:08Z,@mtriwahyudi3142,"Saya daftar ga ada respon ,,ga dipanggil",0
2025-10-06T08:43:30Z,@LylianaSaja,"Cuma 6 bulan,lalu seterusnya bagaimana",0
2025-10-06T14:49:26Z,@mtriwahyudi3142,Ya nikmati lg nganggur nya,0
2025-10-05T13:28:38Z,@fauziwarow817,Semoga lowongannya 15 juta yaallah amin🙏,0
2025-10-05T10:52:45Z,@Papat123-b1f,programnya bgs sekali cm sygnya yg lulusan lbh 1 tahun tidak bisa daptar tlg  diberi kesempatan  diatas 1 thn,1
2025-10-05T03:52:25Z,@liusmangiawa6730,Lalu bagaiman dgn kami yg 31 Agustus 2023 yg sampai skg masih nganggur pk😢,2
2025-10-05T01:45:03Z,@ElisRokayah-h6s,Pendaftarannya mulai tgl berapa,1
2025-10-04T13:03:17Z,@HRT80,untuk SMA dan SMK bagaimana Pak?,1
2025-10-08T16:59:18Z,@Santosoagustinus-u2f,"Gimana ya g lulusan SMP, beruntung udah pernah ngalamin kerja tanpa daftar&quot; malah bos pd cari karyawan, dulu sering bawa anak&quot; kampung pengangguran sekarang saya sudah malas bantu&quot; masukin kerja pada lupa diri kalo dah kerja enak jaman Soeharto nyari kerja mudah sayang di turunkan",0
2025-11-24T05:36:21Z,@rafaasyraf810,Hapus batasan umur itu permasalahanya,0
2025-11-20T14:36:15Z,@rosadyhalid8172,Yakin yg gaji ????😅😅😅,0
2025-11-03T04:09:38Z,@dans0760,"Program sampah lagi aja😅😅, khusus untuk Fress graduate S1 atau D3 max 1 tahun setelah lulus,, dibilang menekan angka pengangguran😂<br>Lulusan SMA/SMK nya mau dikemanakan?<br>Lulusan S1 yang udah nganggur lebih dari 2 THN bagaimana?<br>Korban PHK gimana?<br>😂😂😂<br>Ladang korupsi lagi nih😂😂😂",0
2025-10-24T12:27:07Z,@m.r.kareliansyah.p8526,"Bagaimana yang sdh lulus S1 3 tahun yg lalu , mhn petunjuk demikian",0
2025-10-22T01:42:08Z,@petruskosat2743,"Tolong ditambah anggaran nya, programnya bagus untuk mengurangi pengganguran.pemerntah sekarang harus berani mengambil sikap ini.",4
2025-10-21T12:09:06Z,@sadiminkpt4036,Wah ketinggalan info anakku yg cuma lulus SMA 😢,0
2025-11-09T08:59:05Z,@bukanmanusiabukanmanusia4172,Iya khusus Diploma sama S1,0
2025-10-21T11:12:07Z,@dadansuryadi6313,Lulusann pendidikan bisa kah?,1
2025-11-21T21:36:32Z,@Ida-t5f,"Bisa, dicoba saja.",1
2025-10-21T09:38:48Z,@someon_12,"Setidaknya ada bukti nyata, gak kayak janji 19jt tuh 😂",5
2025-12-15T03:37:59Z,@NurvinaNurvina-t4w2c,19 jt kerja di Mbg x maksdnya ??,1
2025-10-21T07:02:20Z,@infonusabhaktibandung4577,"Bapak Menteri yth, bagaimana untuk peserta didik lulusan SMK khusus dari keluarga yg tdk dapat melanjutkan ke Perguruan Tinggi ? mohon direncanakan , para lulusan sekolah kami berbekal PKL konsentrasi Farmasi, APL/analisis kimia  dan keperawatan . Terima kasih",0
2025-10-21T04:09:55Z,@puputnaharika6061,Omon omon di kasih tau dong ndaftar di mana,0
2025-11-09T08:58:26Z,@bukanmanusiabukanmanusia4172,Magang hub khusus Diploma dan s1,0
2025-10-20T22:06:42Z,@suharyantigestari8129,"Daftarnya di mana tolong di umumkan  ,jangan tahu2 pengumuman lolos seleksi",0
2025-10-20T22:56:11Z,@ninaindry9106,"Sdh sejak 2 minggu yg lalu infonya berkeliaran, baik di media visual maupun tulis.",2
2025-10-21T07:52:26Z,@NurvinaNurvina-t4w2c,Saudara sy yg baru lulus sy ksh tau abangny dicuekin..cb klo ikut.ankny pintr gk mau ikutan,0
2025-12-15T02:22:37Z,@retnasriwulandari5824,lihat medsos dong kak ..,0
2025-10-20T16:52:59Z,@wiji-sejati,"Infonya ga dikasih tau, daftar dimana, tau² sudah terseleksi.",0
2025-10-20T22:55:14Z,@ninaindry9106,"Mhn maaf, banyak info kok...",0
2025-10-21T00:59:02Z,@wiji-sejati,"​@ninaindry9106klo ada info biasanya grup wa berkabar, ini ga ada kabar.",0
2025-10-21T02:39:00Z,@nisaqurotu5965,"Ini program yg dipat y g adil,",0
2025-10-20T13:25:12Z,@denirafid6548,Bagaimana dengan yg sudah lulus sejak 5 tahun yang lalu apakah tidak ada lagi kesempatan?,0
2025-10-20T13:16:07Z,@MisterJee80,OMON-OMON.. MAGANGNYA NYA DIMNA.. PENGUMUMAN SEBELUMNYA AJA GAKADA INFO LANJUT... ANGIN SURGA BUAT RAKYAT BIAR GA DEMO AJA INI. BIAR KELIATAN ADA KERJAAN PDHAL OENGANGURAN TUMPAH RUAH.. CUKPEMERINTAHN JANCUK TIPI MENIPU,0
2025-10-20T22:57:38Z,@ninaindry9106,"Maaf, banyak info kok, baik di media visual maupun tulis....sekitar awal oktober",2
2025-10-22T12:57:26Z,@pujiantohammami5903,Udah diumumkan di TV dan media sosial om.. mulai awal bulan okt 25,1
2025-10-12T06:01:43Z,@Idontknow-jd7ot,TOLONG dihapus batas dan minimal usia biar bisa diterima kerja,1
2025-10-26T05:53:27Z,@amalianurhayati8204,Tapi ini kan magang 😑,0
2025-10-09T15:37:14Z,@Miss_Roma_Official,Uda buka gk jelas webny a,0
2025-10-07T22:51:47Z,@zidanazima,SMK gak bisa dong,0
2025-10-07T02:35:31Z,@Okay-kt1bh,Mana nih? dah gw pantau dari tadi di situs resminya sampe sekarang lowongannya belum ada?,0
2025-10-05T13:55:23Z,@susisilviyanti8209,"Pak mentri dan para pemimpin bumn terutama bank BUMN tolong diperhatikan jgn mendiskriminasikan lulusan nya, kadang dgn istilah magenta, PTN dan PTS yg ga bonafide langsung ditolak. Ingat ya pak mentri dan pemimpin Bank BUMN, mahasiswa2 diseluruh Indonesia rata2 sudah berkontribusi untuk gaji kalian, membayar UKT lewat bank kalian. Pembunuhan karakter kalau pd saat melamar sdh ditolak.",3
2025-10-04T11:09:21Z,@shantyonong117,Sudah jln tuh,2
2025-10-03T09:06:56Z,@korupsi56,"Suruh saja prabowo dan semua pejabatnya magang di Indonesia <br><br>Luar biasa kejamnya rakyatnya sudah diperas, ditindas dirampas uangnya oleh pemerintah <br><br>Skrg pakai taktik tipu daya untuk bikin rakyatnya tambah menderita lagi 😂😂😂😂<br><br>Nanti ketika Amerika sudah mengambil Indonesia <br><br>Prabowo dan semua pejabatnya akan magang saja di Indonesia",7
2025-10-03T08:59:27Z,@inisial_____________________AA,Kok SMA Sepertinya tidak ada ?,2
2025-10-03T09:08:54Z,@korupsi56,Mau saja anda dibodohi dan dibohongi oleh prabowo 😂😂😂😂😂😂😂<br><br>Anda suruh aja prabowo dan semua pejabat pemerintah yg magang <br><br>Kalian rakyat Indonesia yg jd pejabatnya,0
2025-10-06T03:12:56Z,@deviyanaputri8191,Kan emang untuk s1 kaka,0
2025-10-06T13:51:15Z,@SuliyahSuliyah-v8q,Kok wapres nggak s1,0
2025-11-01T07:15:50Z,@MujiAti-k8w,​@korupsi56program magang dibayar umr  beneran kak. Udah jalan tapi buat yg ip tinggi aliaas anak pinter🎉🎉🎉🎉,0
2025-11-04T13:48:03Z,@Aksalaviee,"​@korupsi56hadeuh sdm indo indo, sotau banget, terbuka buat SMA juga kok",0
2026-01-23T03:22:04Z,@Konter_CILIK,berarti gak jauh beda dong dengan program prakerja. cuma beda bahasa aja &quot;MAGANG&quot; tapi esensinya sama hanya ambil bagian selama 6 bulan. ketika berakhir yaa nganggur lagi.<br><br>cuma buat ngadem2 rakyat doang biar keliatan peduli.,0
2025-10-27T08:09:13Z,@ponticarla9725,"Kenapa cm fresh graduate ? Gmn nasib lulusan sblmnya yg blm dpt kesempatan kerja ? Sementara usia mrk bertambah terus &amp; makin sulit dapat job. Mrk hrs mengejar ketertinggalan utk memperbaiki portofolio. Justru yg FG masih byk kesempatan. Di era presiden sblmnya para lulusan SMP/SMA/D1/D3/S1 ga dpt program spt ini, cm ada program pelatihan pra kerja tanpa disediakan lapangan pekerjaan yang memadai. Semoga pemerintah melalui pihak terkait dapat mengkaji kembali program magang berbayar.",1
2025-10-16T07:33:01Z,@RistraRussilahiba,Is this real? 😭,1
2025-10-16T06:44:57Z,@maubelishop,Dibudakin atas nama magang. Lagian magang mah buat yg nyari pengalaman bukan sarjana yg butuh kerjaan,2
2025-10-16T06:42:45Z,@maubelishop,Rakyat cm dikasih magang bukan pekerjaan.,1
2025-10-16T04:27:39Z,@fahmiharis3235,"Magang= kagak dibayar dengan upah layak. <br><br>Solusinya stop MBG, buat pabrik yang banyak kayak cina, mikir pemerintah buat jualin produk pabrik tersebut. <br><br>Goblok keterlaluan",0
2025-10-16T03:38:08Z,@dearbliss9890,Boty bersuara,0
2025-10-16T01:02:08Z,@decade1233,"kenapa ga langsung diterima kerja aja harus magang, dan syarat harus freshgraduate padahal yg 30 keatas itu lebih butuh pekerjaan karena di PHK",1
2025-10-16T00:19:22Z,@DwiBudi-u2h,Waduh ga janji .,0
2025-10-15T22:56:40Z,@Try_Maqno,198 Miliar WTF ????<br><br>Itu duit nyaaa Buat Apaaah Cuukkk ???,1
2025-10-15T21:46:15Z,@NekakuEdo,&quot;MENURUT &quot;TEORI&quot; &quot;SUDAH TAPI BELOM&quot; IJAZAH &quot;GA &quot;PENTING&quot;‼️‼️&quot;YG &quot;PENTING&quot; &quot;SIKIL&quot;❓❓&quot;SKILL&quot;❓❓&quot;BISA &quot;MUTER2&quot; OMONGAN &quot;BUAT &quot;BELA&#39;IN BOS&quot; &quot;BISA JADI &quot;KOMISARIS&quot;‼️‼️&quot;KOK &quot;SYARAT &quot;MUDAH&#39;AN&quot; JADI &quot;KOMISARIS&quot;❓❓&quot;EMANG &quot;KOMISARIS&quot; KERJANYA APA YA&quot;❓❓🧐🧐🤔🤔,1
2025-10-15T16:53:08Z,@danuriswantoro3974,Sama aja dengan kerja kontrak short term...,5
2025-10-15T15:55:28Z,@desintatrianasari3768,"kenapa gak dibuka lowongan kerja yang beneran aja sihh, kasihan banget cuma dijanjiin lowongan kerja waktu pemilu",4
2025-10-15T16:12:39Z,@vinniakp665,"Udah dibuka, jadi buzzer tapi 😂",3
2025-10-15T15:02:54Z,@lutfiajah2799,Mau gw tampolin HRD nya,0
2025-10-15T14:02:22Z,@jonibintruth808,Siap nyalain radar ordal,0
2025-10-15T13:40:51Z,@ArioStarK,"Sarjana masih magang? Anjir, magang buat mahasiswa tingkat akhir kalik.. Kalo udh Sarjana mah digaji layak, kompetensi udh beda level. Dunia kerja udah edan, thx kapitalisme, thx pemerintah, thx for fucking nothing.",9
2025-10-16T06:43:52Z,@maubelishop,Sepikiran. Perbudakan gaya baru. Alih² dikasih kerjaan malah diksh magang,2
2025-10-16T06:54:29Z,@ArioStarK,"​@maubelishopkorporat keparat mau budak2 murah berskill tinggi, produktivitas tinggi dengan biaya semurah mungkin. Pemerintah membiarkan hal ini terjadi biar investor tertarik untuk berbisnis disini. Ampas semuanya.",2
2025-10-15T12:52:00Z,@b-ca,"Bagi2 duit pinjaman yg ambil manfaatnya di tempat magang, mengurangi sementara tuntutan pekerjaan bagi rakyat ?",3
2025-10-15T12:37:54Z,@ka2nk,Magang minimal sarjana hadeh hehehh,1
2025-10-15T12:32:06Z,@KenaryNary-e5m,Aku mau nyaleg aja deh 2029🙉,0
2025-10-15T11:59:49Z,@vinniakp665,"Program magang gk jelas 😅 Ngelap daun harus diploma dan sarjana? <br>Imo magang itu seharusnya buat anak kuliah, bukan lulusan kuliah, apalgi diploma dan sarjana. <br>Dari requirements aja udh red flag.<br>Antara cheap labor jadi anak magang seumur hidup atau abis periode magang, dilepas",4
2025-10-15T11:23:00Z,@Kokodiaries143,"Im ex ngo’s worker lamar jd penulis n develop medsos tp kerjaan domestik djjabani juga. Mulai dari nyapu kantor, nyiram, buatin teh tamu, cuci prabot, buka n tutup kantor😌",2
2025-10-15T11:04:39Z,@brianzerorc,"magangnya berasa ga berkualitas. mau kerja tapi malah dikerjain liat jobdesc segitu<br><br>belum lagi ngomong ini magang, cuma segelintir yang mau cetakkan paklaring. selebihnya ya mau, tapi tentu dengan birokrasi yang sulit. kadang tersembunyi dalam kontrak magangnya (yang belum tentu dibaca 100%)<br><br>ini bukan solusi permanen, kalo boleh saya bilang.",23
2025-10-15T12:00:50Z,@vinniakp665,"Cuma biar keliatan program pemerintah bagus, tpi kenyataannya zonk",4
2025-10-16T06:47:39Z,@maubelishop,Ini solusi menjelang setahun presiden-wapres biar keliatan nyediain lapangan kerja buat rakyat.,0
2025-10-15T11:00:52Z,@vonesashop,Personal touch itu apa ya pak?😅,3
2025-10-15T11:54:20Z,@bosreview8985,😂 serem,1
2025-10-15T10:05:20Z,@Nanika-px7,Ngelap daon 😂,9
2025-10-19T23:17:20Z,@haniefmuslimah408,"Anak saya mahasiswa tek.mesin smt.7 yg skrg sedang magang di perusahaan sangat besar dari tgl 1 sep s/d 31 okt 2025 tp jgn kan uang saku, jatah lunch pun tak ada 😂",0
2025-10-18T05:22:08Z,@KenanHartono,Ini ggk fer.  Gmna yg lama menganggur.   Kacau ni aturannya,0
2025-10-17T14:49:02Z,@hasansantara-d6r,Teruskan. Maju Indonesiaku,0
2025-10-17T14:48:16Z,@hasansantara-d6r,Semoga sukses amin amin,3
2025-10-17T13:36:55Z,@Indra.75,Buat lulusan SMK gimana pak? Apa dibantu juga dgn gaji UMR DKI?,0
2025-10-17T06:45:28Z,@endahsuhendah4678,"Kenapa yg baru lulus aja, kasihan mereka sarjana yg sdh lama lulus yg blm bisa kerja, sdh ikut cpns, udah ikut daftar sana sini, tp blm kerja, gmn sebaiknya jangan cuma lulusan baru aja",0
2025-10-16T19:50:02Z,@Nurmiaty09888,"EMANG YANG NGANGGUR CUMA MEREKA YG BARU LULUS KULIAH, why… yg udah lulus 4/10 tahun lalu, masih nganggur pak😅😅😅",1
2025-10-16T01:03:22Z,@rickyhutasoit9059,Mantap,0
2025-10-15T08:06:07Z,@TravelingAlone17,Jangan sounding aja pak,0
2025-10-15T08:05:44Z,@TravelingAlone17,Cek betull nanti pak,0
2025-10-15T07:07:41Z,@SuyantoA12,Kenapa yaa harus magang dan  kenapa gak langsung jadi karyawan tetap,0
2025-10-15T05:34:56Z,@pahrullah,Ikut dikabinet tambah gemuk mas teddy😅,0
2025-10-15T00:05:20Z,@Fjamil-p9h,Anakq lls SMK lanjut BLK HBS lls dpt 3 Bln br dpt krjaan GK dsangka kejamnya dg jam 7 pagi sampai jam 5 sore 10 RB buknnya AQ kurang bersyukur sampai tangan ana sy bengka semalam GK bisa TDR akhirnya GK sy ijinkan kembali krj LG GK tega lihanya 😢😢😢,0
2025-10-14T23:16:57Z,@naristycatering,Ternyata sekneg  juga bagus bincang2nya. Biasanya angler mayted,0
2025-10-14T19:37:11Z,@Saroh-g1k,terimakasih bapak yg di s,1
2025-10-14T15:22:00Z,@KarenShahnaz,Yg uzur 😢,4
2025-10-14T14:04:54Z,@jaswandijaswandi-m9c,Apakah sekitar Jawa aja 😂,0
2025-10-14T11:02:26Z,@sartono8032,"Jangan. Hanya untuk sarjana aja, tolong perhatikan para buruh yg gajinya di bawah UMR saya dan teman2, bekerja dengan gaji dibawah Jauh  dari UMR",1
2025-10-14T10:47:20Z,@chanelkita-i7e,"Usul jangan hanya untuk yg fresh graduate, tetapi juga untuk Sarjana Lulusan 2, 3 tahun atau yg masih menganggur. Hal ini dibutuhkan untuk mencari Pengalaman kerja yg sering diminta oleh pasar dunia kerja. Terima kasih",8
2025-10-14T09:29:16Z,@NdienSyaputra,Cara daftarnya dmna,0
2025-10-14T08:42:47Z,@MeilindaikaA,Harus bisa membedakan dengan kata kata status magang. Ini hanya permainan kata kata saja. Yang ujung ujung nya semakin menjamur jumlah osorsing. Masa ia kasus yang di wilayah cikarang posisi magang sampai bertahun tahun. Tanpa di angkat jd perkerja permanen. Ingat magang itu hanya pelatihan kerja.bukan status nya sama seperti kontrak kerja yang harus kerja lewat waktu. (Overtime),0
2025-10-15T02:21:44Z,@tendosmdro,waduh pt anu nih pasti yaa,0
2025-10-14T07:49:39Z,@Richi-G0,"Lalu yang PHK karena perusahaan gulung tikar ditambah mereka sudah berkeluarga, solusi negara apa untuk mengentaskan",0
2025-10-14T06:46:44Z,@jujungsiagian4951,Kita coba mendaftar ko tidak bisa,0
2025-10-14T04:49:41Z,@barewerhirr7293,apa lg para perawat &quot; tangguh yg mengutamakan kesehatan pasiennya tlng dengerkan keluhannya,0
2025-10-14T08:45:29Z,@MeilindaikaA,Iya betul sekolah nya lumayan mahal hasil nya tidak sampe UMR,0
2025-10-14T04:41:44Z,@viralsopsahaja7903,"Alhamdulillah, mantappp program pemerintah ini, akan lebih baik jika pemerintah menciptakan lapangan kerja baru masyarakat tanpa persyaratan lulusan dan usia, contoh produksi sepatu yg dimiliki BUMN!!!, semangat pak🙏🙏",2
2025-10-14T04:59:56Z,@MYanavi-s4c,😊😊😊😊😊😊😊😊,0
2025-10-14T04:35:29Z,@infounikpov,kalo yang sudah kerja tapi gaji dibawah UMR boleh ga ikutan?,0
2025-10-14T04:34:28Z,@DedyRika-e6f,Boleh saya ketawa disini saudaraku 😂😂😂,2
2025-10-14T04:21:21Z,@wongjowo6171,"Ngoceh doang, kerja?",0
2025-10-14T04:06:02Z,@kemalasarikemalasari2481,Loh yang lulusan SMA SMP gimana pak? Kok ga diikutsertakan,0
2025-10-14T03:03:42Z,@AiichiroMuhammad,Prettt krj mana,0
2025-10-14T02:40:51Z,@EkoMasNdut,"Trus yg. Lulusan SMA,SMK, SMP, Blm dpt kerjaan gmn ? Dianggp gk dibutuhkn gt kok cm sarjana ma diploma , matamu melek jgn merem gk yg sklh tinggi aja butuh krj yg putus sklh uda usia bnyk n msh berusaha nyari krj jg pikirin , melek kok sblh mata",0
2025-10-14T02:15:42Z,@endangwahyuningsih2024,"apa gk kasian sm yg sudah lama kerja,,,,🤭waktu itu umrnya sedikit, tp yg magang lsg umr baru",0
2025-10-13T22:17:23Z,@baz-d8t,Semoga bukan orang dalam terus,0
2025-10-13T22:14:21Z,@hestyhesty8001,Mantap,0
2025-10-13T22:01:26Z,@tufailmikail9929,"Program yang bagus ini, supaya bisa dijadikan prgaram bareng dg swasta",2
2025-10-13T19:07:53Z,@user-vl5wc4kl6s,Woo hebat hadir manado pagi,1
2025-10-13T17:42:29Z,@AgustinaPanduwinata,"Blusukan ke Daerah2 khususnya kabupaten pak Teddy <br>Tlg cek kebawah lgsg, jangan percaya dgn laporan bupati gubernur dll",11
2025-10-13T16:40:46Z,@ariefpadillah6592,Program nya bagus. Tapii kenapa anak&quot; kuliah nga di ajarin buat pelatihan jadi pengusaha ajjah dan di bekali modal. Dengan begitu kan Lebih banyak menyerap lapangan kerja baru. Ketimbang masuk kelapangan kerja yang udah Ada. Yang ada nanti ada yang di PHK. Gara&quot; program ini.,0
2025-10-13T15:03:33Z,@RDFamily88,"Setiap tahun brapa juta mahasiswa yg lulus. Jangankan lulusan baru, lulusan lama juga banyak yang belum bekerja pak. Ayo diperhatikan juga masyarakat yg umur produktif wni banyak yg mengganggur bukan Krn malas. Tp loker sekarang aneh juga, yang dicari 1 sampai 5 orang yang melamar ratusan bahkan ribuan 😂",1
2025-10-14T07:32:16Z,@Nuryasih-w1v,Lowongan pekerjaan pakai syarat pengalaman minimal 2 th  lagi. Padahal baru lulus kuliah 😅😅,0
2025-10-13T14:29:15Z,@ownerbums,"Kawal dgn baik ya, smg TRANSPARAN JUJUR DAN AKUNTABEL dlm proses rekrutmen",0
2025-10-13T13:37:10Z,@liliskurniawati884,Ini beneran ?,0
2025-10-13T13:12:19Z,@supriyadiadi9783,"Yg kena PHK bagaimana pak,",0
2025-10-13T12:40:36Z,@RestuRuslan,😅😅😅😅😅😅😅😅😅,0
2025-10-13T12:22:57Z,@nenasucokucok,Bagaimana yang tamatan SMK pak<br>Kami di Riau khususnya kota Dumai banyak industri CPO tapi susah pak ngelamar kerja pak <br>Yang lolos pasti yang make duit dan dekeng pak itu udah rahasia umum pak <br>Saya punya keahlian di insolation  pipa tekanan dan tracing susah pak mau ngelamar tak pernah ditanggapi pak terima kasih,2
2025-10-14T08:14:59Z,@tuby1092,Bantu UP,0
2025-10-13T12:07:12Z,@WindaLestari-r3b,Hilangkan diskriminasi umur dan tinggi badan,0
2025-10-13T11:43:49Z,@CnnSat,"Gmn yg lulusan SMA/Smk?apakah ada kesempatan u/mencari lowker ?apa mungkin  sdah tidak dihargai tdk dibutuhkan x ya minmal harus lulusan s1,2,3?😵‍💫.sepertinya iya😵‍💫 yg lulus sarjana juga susah cari duit apalagi kami para  gembel 😳😵‍💫 yg lulusan sma/smk ngegel curuk😪 jd kuli iya<br>Dan kl seandainya lulusan sekolah minim misalnya, tetapi punya skill bagaimana tuh apakah mungkin sama  kelaut aja x ya jd kuli tmmbah ga dihargai juga yg di terima mungkib hnya yg punya gelar  lulusan kuliahan gitu ya😵",0
2025-10-13T10:27:32Z,@Sadarbertobatlahkalian2yangdia,INDONESIA terlalu banyak teori ujung2 nanti kacau balau juga kalau tdk percaya lihat saja nanti😂,0
2025-10-13T10:12:09Z,@Simanfirman14,lulusan SMA ada tidak ya lembaga pelayanan magangnya(?) mungkin ada yang menahu terobosan nya,0
2025-10-13T10:04:00Z,@Syivia-r2p,Aduh duuh..akhirnya bisa denger suaranya pak seskab🤭🤭,0
2025-10-13T09:46:19Z,@suhendraafriandi7091,"Seleksi nya ketat dan paling hanya beberapa orang yg diterima, krna perusahan lebih senang yg magang orang",1
2025-10-13T09:07:02Z,@barimin1232,Bagaimana s1 S1 yang sudah bertahun tahun nganggur? Dan bagaimana pekerja2 yang gajinya masih dibawah 100rb/ hari? Itu masih banyak loo di wilayah Jakarta.,0
2025-10-13T09:02:23Z,@Juwairiyah-k2k,Semoga maksimal. Dikawal dng baik. Sangat positif,3
2025-10-13T08:39:50Z,@hamidyusuf6266,Kepising,0
2025-10-13T07:58:07Z,@anggrekaquars4594,BOHONG GGGG,0
2025-10-13T07:57:37Z,@anggrekaquars4594,"Kata sapa, kamu magang di BMKG saja ga dapet apa2 di jkrta",0
2025-10-13T07:46:17Z,@Irdawatun17,MasyaAllah mas teddy sungguh mulia hatimu 🫶❤,44
2025-10-13T09:49:17Z,@menteriperentokan,Jilat jilat kaya gitu dpet uang ya. Please ajak bang,0
2025-10-13T12:58:33Z,@ilhamjaya6299,Mulia apaan we juru bicara doang😭,9
2025-10-13T14:15:38Z,@mekich08,yayanknya wowo emg selalu dihati rakyat,7
2025-10-14T08:57:56Z,@ritatriana8476,Itu Program menaker yasirli woi,2
2025-10-15T01:42:51Z,@susanrachel5548,😂😂,1
2025-10-13T07:16:00Z,@AsmaraKasih-fw5su,Anaku lulusan smk bisa gak pak,0
2025-10-13T06:44:19Z,@alsatriansyah8095,Mas tedyy,1
2025-10-13T06:16:53Z,@BentoKuki,POV : Seskab lebih berperan drpd menaker dan wapres,1
2025-10-13T14:18:41Z,@mekich08,"menaker: mending turu<br>wapre: woe jaga cocotmu, admint datang memberikan 19 lapangan kerja nanti ditahun trakhir skrg kalian tidur coIiin cewe kartun kalian sajjah",0
2025-10-13T06:06:48Z,@MulianiMuliani-n7x,7gggvvgg,0
2025-10-13T05:53:51Z,@jinfishriwa6429,Nggk adil broo😅,0
2025-10-13T05:50:33Z,@arpurnawati,Aphamdulillah. Erharu. May all elements of this nation unite to improve the welfare of all Indonesians. CAN!🙏,0
2025-10-13T03:28:49Z,@FirlianaAura,Gimana buat lulusan S1 yg sudah 1 tahun 😢 lgsg tertolak,0
2025-10-13T00:41:28Z,@michaelkeishachannel2890,"Bagi bagi duit terus, utang sudah mencapai 9000 T",1
2025-10-14T07:17:56Z,@TheHijacket,"Justru emang udah kewajiban bagi negara buat menjamin kebutuhan siswa magang karena mereka penting buat negara, T0I0I",1
2025-10-12T23:10:49Z,@reokusumo3362,"Pak,, gaji karyawan yg ud btahun2 aja masih ada yg dibawah UMR pak 😭",0
2025-10-12T21:46:38Z,@sitimusdalifah7106,Terima kasih Pak Menteri dan pemerintah smg sarjana tdk merasa disepelekan krn diberi kesempatan memenfaatkan ilmunya dg bekerja magang nasional,28
2025-10-12T16:18:43Z,@antonpermana2526,Iya hrs program magang itu langsung kerja atau pergantian pegawai yg skrg partai politiknya berkuasa mengganti partai politik yg TDK berkuasa,0
2025-10-12T15:30:43Z,@yeyo2942,Mantullll👍🏾👍🏾👍🏾,0
2025-10-12T14:44:19Z,@hayayati6519,"Apa benar ,",0
2025-10-12T14:33:26Z,@petruspayonglangoday8480,Trus banyak sarjana yang lulus lebi dari dua sampai tiga tahu kenapa program ini dtang terlambat,8
2025-10-13T08:57:59Z,@g-nova3397,"Ya lu cari kerja sendiri dulu lah, dikasih program telat salah, ga ada program magang nasional salah",2
2025-10-12T13:40:57Z,@kekugo9925,"Alhamdulillah keren, para sarjana dan Diploma, belajar atur uangnya jangan langsung hutang sana sini atau buat kartu kredit se enak udelmu, selama magang jangan sampai pernah punya hutang ngandelin uang saku itu",1
2025-10-12T13:39:00Z,@zainuddinsiraj995,Yg lulus&quot;an lama2 gmn om 😅😅,0
2025-10-12T11:59:54Z,@dhannyindonesia7101,"Semoga para menteri para pejabat aparat bisa membuat terobosan terobosan untuk memajukan negri ini, memajukan dan mensejahtrakan masyarakat, sudah saatnya negri ini berdiri di kaki sendiri untuk memajukan negrinya sendiri, kekayaan negri ini sangat berlimpah bahkan bisa mensejahtrakan bangsa lain melalui kaki tangan kaki tangan oknum oknum  terpilih yg ada dinegri ini, ayo bangun para pejabat jangan biarkan negri ini panas gersang karena terkuras tak berdaya. Salam NKRI",3
2025-10-12T11:38:29Z,@dominogrip,Iship nakes juga termasuk?,0
2025-10-12T11:31:35Z,@duriantunggal20,Dirikan pabrik baru,1
2025-10-12T11:22:25Z,@aldrikoscar1120,Pas kerja outsourcing,2
2025-10-12T11:19:29Z,@teamshare7558,"Ada Menaker, kenapa Teddy yang bicara? Secara kapasitas dan strata, bukan kewenangan dan bukan domainnya. Merujuk SK, dia setara dengan eselon II, karena tidak mau pensiun dari TNI.",20
2025-10-12T23:54:26Z,@jkhalifatunisa_,"ya karena menteri nya yg nyuruh dia kasih speech, ada kok video nya",1
2025-10-13T06:24:36Z,@Thechikgu,"teamshare7558 semua enggak bener dimatamu,udah bagus pemerintah inisitif,hal² sepele koreksi,otak udang.",2
2025-10-13T06:25:07Z,@Thechikgu,"Bagusnya siapa yang bicara, dirimu gitu?",0
2025-10-12T11:05:01Z,@LinaLina-bm7jx,OMON OMON,0
2025-10-12T11:04:37Z,@rizkychadikofc4726,Yg tua pengangguran gmn,0
2025-10-13T00:53:54Z,@riskartchannel,"belajar berfotosintesis pak, biar bisa makan dari matahari jadi gak butuh duit",0
2025-10-12T11:03:26Z,@cordobaivank7623,Terserah sudah 😂😂😂😂,0
2025-10-12T10:51:35Z,@AhmadgumantiBatubara-n3p,"Sy AHMAD GUMANTI BATUBARA.BUKAN SEDANG EXTING SEPERTI MEREKA YG CAWE2 BUAT POLITIK PRAKTIS! SEBAGAI PENCOTRA&#39;AN AGAR KALIAN SEMUA PAHAM by.Agbar media. FKMB RI ,ASEANdan PBB. bukan modal dusta alias modus!",0
2025-10-12T10:35:34Z,@AgnesVeronica-f3z,Semoga ga omong kosong,0
2025-10-12T10:23:49Z,@totoyrochiyati3927,"Kalau Putri saya ikut magang, karena tugas dari campus boleh g Pak Mayor Teddy",0
2025-10-12T10:12:50Z,@dewodewo2985,Tedy pikirin anggota TnI dipapua banyak korban selesaikan dulu papua anda dikabinet wakil dr TnI jangan mikirin pangkat naik trs lbh baik kepapua berjuan baru dapat naik pangkat,0
2025-10-12T18:41:55Z,@muhammadazhari9519,"Setiap prajurit infantri apa lagi kualifikasi kopassus pasti pernah ke papua  , tp klo untuk perwira baru di rolling per 1 stengah tahun ganti yg lain,  lagian kan papua status nya bukan darurat militer , operasi damai cartenz  papua di pimpin kepolisian , TNI sifatnya cuma BKO jumlah polisinya lebih banyak diturun kan dsna",0
2025-10-12T10:12:18Z,@RahayuEndang-n5e,Trimkasih Bpk Seskab dan kabinet Bpk.Prabowo kerja keras tanpa liburrr 👍🏽👍🏽👍🏽👍🏽👍🏽👍🏽,39
2025-10-12T11:20:09Z,@SitiYulaikah-t9i,Semoga keponakan ku Niken bisa dapat kerja magang kelompok pertama.,16
2025-10-12T10:10:39Z,@RahayuEndang-n5e,Kyk MBG itu y jelas ada sabotase segala anak Smp gaynya tengik daerah mna tu jawa kyknya belum bsa cari duit aja dikasih mkn sok cari tu anak muridnya di Tik Tok jelas kok wajahnya uleg mulutnya pke sambel,0
2025-10-12T10:06:15Z,@sriprihatiningsih2824,Mudah2 seperti rencarana,3
2025-10-12T10:04:56Z,@RahayuEndang-n5e,Giliran di trima di Daerah nggak.mau ntar alesanya inilah itulah tpi ributnya bnyak pengangguran aneh mang manusia waktu itu kan ada kejadian nglamar giliran diterima jauhlah berat di ongkos lah,0
2025-10-12T10:04:07Z,@Hibasbengkulu,Gimana tamatan s1 yg sdh 10 th sampai saat ini msih nganggur.,15
2025-10-12T11:07:46Z,@nokimaniktv6386,Ditahankan saja pak 😢,1
2025-10-12T11:56:10Z,@Cardova-r3r,Lanjut s2 saja ke Denmark pak ada beasiswa plus biaya hidup 21-26 Juta Rupiah setiap bulan,4
2025-10-12T16:57:54Z,@putrasyahdana1980,"Emang nya selama kuliah gak punya koneksi atau tmn?<br>Berarti yg bermasalah di personal nya itu,mungkin sombong atau tidak bergaul",3
2025-10-14T00:59:59Z,@humaiirahani9641,magang wapres adakah????,0
2025-10-12T10:02:00Z,@Minato0102,Semlga aja benar,0
2025-10-12T09:37:46Z,@bsopyan,enak magang di partainya si Kebal Sa&#39;it aja enak dibayar mahal😂 sama dia<br>wkwkwkwk gaji magang koq mau disamakan dg gaji rekrutan gila loh Ndro😮,0
2025-10-12T09:19:35Z,@feresianaca1793,Kalau memang benar gak lagi sabar,0
2025-10-12T09:13:46Z,@adamputra1093,Kemayu😂😂😂,0
2025-10-12T08:40:31Z,@jaya5191,"Tolong juga diperhatikan untuk pencari kerja,berkarier, bercita cita, jgn dipersulit persyaratannya,terutama syarat sehat jasmani rohani,hilangkan diskriminasi syarat bebas buta warna. Kasian mereka, 70persen ingin berkarier, kalian matikan cita cita mereka 😢",15
2025-10-14T03:11:49Z,@touchmedia-o3m,Iya Jgn bikin iri,0
2025-10-14T03:12:52Z,@touchmedia-o3m,Gaji bikin iri pekerja non formal,0
2025-10-12T08:32:27Z,@YuliesHadidjah,Caranya bgmn pak teddy,0
2025-10-12T08:03:21Z,@riamawatianitasari4699,Sounds gud❤,0
2025-10-12T08:00:00Z,@markusmonglo2189,Mantap,0
2025-10-12T07:59:11Z,@baengzaky6439,Dialer motor Honda om sidak sidak om,1
2025-10-12T07:58:50Z,@MRizal-g3x,Anak Abah dilarang komentar 😂,2
2025-10-12T15:19:43Z,@NurLely-i8q,Gg masalah  anak abah gg boleh jadi penjilat,0
2025-10-12T21:39:29Z,@MRizal-g3x,"​@NurLely-i8qdikit2 penjilat, Munafik kalian anak Abah ,hobi sek semua kalian Munafik cuih",0
2025-10-13T05:54:08Z,@arpurnawati,"Masih ada yg punya pikiran kotor. Kl kalian seperti ini mentalnya, negara ga akan maju. P Prabowo dan timnya bekerja u Indonesia bukan u golongan tertentu. Paham ?",0
2025-10-12T07:49:40Z,@erwinromansa6868,"Bagaimana kalau pakai ijazah palsu,apa bisa",0
2025-10-12T09:45:01Z,@agusapriyanto222,Congormu palsu perlu di Gampar pakai batu bata sampai nyonyor,0
2025-10-12T07:34:45Z,@ekobacharibjatoensuripbach1892,Magang selesai terus diperpanjang,4
2025-10-12T07:33:06Z,@pakpangat4935,Terus setelah selesai magang kerja opo?😂,0
2025-10-12T07:21:30Z,@hadisofyan5063,Beginian diurus seskab!!! Bahhh,0
2025-10-12T07:16:02Z,@Multiple808,"CUMA S1 DAN D1, lalu bagaimana nasib orang kecil lulusan SMA",3
2025-10-12T13:30:48Z,@HanyaSebatas-k5s,Tenang masih akan ada 19 juta lapangan kerja baru kata wapres😂😂😂,0
2025-10-13T05:58:14Z,@jinfishriwa6429,Suruh TDR ajah katanya😅,0
2025-10-12T06:51:58Z,@Iamgoodalways,Inilah seskab karbitan 😮😮😮,1
2025-10-12T14:36:56Z,@KuyatYondog,Trus kau apa..selevel rafi ahmad?,3
2025-10-12T05:40:14Z,@MakinJaka,😊,2
2026-06-21T11:31:20.000Z,KampusUpdate,"OPEN RECRUITMENT MAGANG LSF RI 2026

Kesempatan magang di Lembaga Sensor Film Republik Indonesia untuk mahasiswa S1/D4 minimal semester 5.

Periode Magang
Oktober – Desember 2026

Bidang:
Film &amp; Media • Komunikasi • DKV • Informatika • Sains Data • Hukum • Psikologi • https://t.co/nUFpHwwk1O",
2026-06-23T02:54:09.000Z,ppn_prigi,"PPN Prigi

PPN Prigi Fasilitasi Program Magang Berdampak Mahasiswa Universitas Brawijaya, Kegiatan, 25 Mei 2026

Pada (21/5) kegiatan Presentasi Hasil Program Magang Berdampak Mahasiswa Universitas Brawijaya telah dilaksanakan di Pelabuhan ... https://t.co/Z3CKmaMtti",
2026-04-11T15:16:29.000Z,vindikasi,"[Magang berbayar UMR]
Info penting untuk Mahasiswa Tingkat Akhir 
dan Fresh Graduate &lt;1 tahun.

Teman-teman mahasiswa yg hampir selesai, ayo segera selesaikan kuliahnya, karena dalam waktu dekat, selain CPNS, ada peluang lain untuk langsung bekerja setelah lulus yaitu Magang https://t.co/vd7nVyVXKT",
2026-06-22T08:03:24.000Z,Kejari_Jakut,"Selasa, 26 Mei 2026
Telah dilaksanakan kegiatan Pelepasan Peserta Magang Nasional Kementerian Ketenagakerjaan Republik Indonesia yang telah melaksanakan program magang selama 6 bulan di lingkungan Kejaksaan Negeri Jakarta Utara.

https://t.co/NDKZBVD8Te",
2026-06-22T15:34:12.000Z,airlangga_hrt,"untuk program vokasi bagi 220 ribu lulusan SMK dan 50 ribu pekerja terdampak PHK agar lebih siap memasuki dunia kerja.

Sementara itu, pada pilar perlindungan sosial, pemerintah menyalurkan bantuan beras 10 kilogram per bulan kepada 33,24 juta keluarga penerima manfaat selama",
2026-06-22T14:34:34.000Z,purpirocha,"1 juli 2025 mulai magang kedua (pertama kali wfo)
1 juli 2026 sidang skripsi 🥲",
2026-06-23T00:00:04.000Z,HENDRIDEEN1,Pemerintah Lanjutkan Program Magang dan Vokasi pada Semester II Tahun 2026 https://t.co/UILuf6SNb5 https://t.co/kpseZgn62d,
2026-06-22T15:34:11.000Z,airlangga_hrt,"cadang pesawat guna menekan biaya produksi dan memperkuat daya saing industri nasional.

Pada pilar ketenagakerjaan dan kelas menengah, Pemerintah mengalokasikan Rp 4,14 Triliun untuk Program Magang Nasional yang menyasar 150 ribu lulusan perguruan tinggi, serta Rp 2,12 Triliun",
2026-06-22T23:46:05.000Z,arin_studyy,"📙 Fundamental Bahasa Inggris 
🖇️ : https://t.co/O0ErdCfPkJ

arranged by @arin_studyyon X
Sc : Alternatifa Project | 5% 2025
Info Program Alternatifa Project 2027 
(TKA/UTBK/Ujian Mandiri)
https://t.co/zS5XLyw8xP￼",
2026-06-23T03:20:29.000Z,SDGs_Indonesia,"Dari belajar, tumbuh harapan baru bagi pertanian Indonesia.

Sebanyak 135 petani muda dari Flores Timur telah menyelesaikan program magang agribisnis di Kabupaten Timor Tengah Selatan (TTS), Nusa Tenggara Timur. Selama dua pekan, para peserta mempelajari praktik hortikultura https://t.co/HR3N7p7FXC",
2026-06-22T22:21:34.000Z,dimarsasongko98,"1.940 peserta Magang Nasional mundur. 
1.279 di antaranya karena dapat kerja lain.
Respons pemerintah: 
""ini berita yang cukup menggembirakan."" 

Tapi kalau magangnya bagus , kenapa ribuan orang rela tinggalkan uang saku APBN demi kabur ke pekerjaan lain?

Pesertanya pada milih https://t.co/CThe1Guway",
2026-06-20T03:00:07.000Z,HIMAKBMKMUnsoed,"Pelaksanaan:
🗓️ Minggu, 28 Juni 2026
⏰ 08.15 s.d. 12.45 WIB
📍 Zoom Cloud Meeting
✨Gratis &amp; Terbuka untuk Umum

Benefits:
📚 Ilmu dan wawasan terkait pemanfaatan AI 
📄 E-Sertifikat
🤝 Networking nasional

Pendaftaran:
🗓️ 14 Juni – 26 Juni 2026",
2026-06-22T12:20:31.000Z,Gerindra,"Di sektor ketenagakerjaan, pemerintah melanjutkan program magang dan vokasi.

Kemudian di sektor perlindungan sosial, pemerintah menyalurkan bantuan pangan selama tiga bulan kepada 33,24 juta penerima.",
2026-06-23T02:51:22.000Z,infokupedia,"Gas daftar sekarang sebelum kuota penuh!
🔗 Link Pendaftaran: 👉 https://t.co/W4r4MYlWkL &amp; https://t.co/uHWjRqlner https://t.co/XgTlGsgcib",
2026-04-09T09:37:54.000Z,karirfess,Breaking: Program Magang Nasional 2026 jadi 150 ribu peserta. Gajinya disesuaikan UMP masing-masing. https://t.co/Qc1hyJVjqq,
2026-06-23T03:13:52.000Z,Kemdikdasmen,"Yuk ikut berpartisipasi, Informasi lebih lanjut:
https://t.co/xtoWMQlTAg

Pendaftaran: 5—26 Juni 2026

Mari berpartisipasi, berkarya, dan dukung Pendidikan Bermutu untuk Semua.

——

Want to be a part of this journey? Find more information here:
👉 https://t.co/xtoWMQlTAg https://t.co/2kO0DP1oX5",
2026-06-18T10:17:32.000Z,nalibelajar,"📑 PKN STAN: https://t.co/IBtq2QPnG8
📑 STAN (2): https://t.co/atDiDAlwpN
📑 20+ ebook CPNS dan kedinasan: https://t.co/bf01n8vGW0
📑 20+ ebook CPNS dan kedinasan: https://t.co/bf01n8vGW0
📑 materi kedinasan: https://t.co/VsHVwPd9bt",
2024-11-25T03:33:22.000Z,reviewtantan,📌JADWAL HARI LIBUR NASIONAL DAN CUTI BERSAMA TAHUN 2025📌 https://t.co/D8eQbXnyD6,
2026-06-22T13:30:00.000Z,Metro_TV,Pemerintah resmi menyetujui pelaksanaan Program Pemagangan Nasional angkatan kedua untuk tahun anggaran 2026. Keputusan strategis tersebut diambil dalam Rapat Terbatas (Ratas) yang dipimpin langsung oleh Presiden Republik Indonesia. Menaker Yassierli menyatakan bahwa pelaksanaan https://t.co/orefOLVd40,
2026-03-02T02:04:00.000Z,MenteriPekerja,"asal lu tau ya anak magang itu Wajib dapet BPJS dan Uang Saku, kalo ga nerapin itu fix perusahaan buka program pemagang ilegal.

Permenaker 6 tahun 2020",
2026-05-22T22:38:00.000Z,IndonesiaFedera,"ROADMAP MABA BIAR GAK NYESEL PAS SEMESTER 7

Jangan kebalik, urutannya gini

Semester 1-2
- Kejar IPK tinggi
- Bangun relasi
- Ikut organisasi kampus
- Cari 1 skill yang bisa dijual

Semester 3-4
- Ikut lomba nasional
- Join volunteer
- Aktif di organisasi
- Mulai freelance",
2025-09-27T15:31:04.000Z,CNNIndonesia,Wakil Walkot: Ada 97 Kasus Perundungan di Kota Bogor Sepanjang 2025 https://t.co/i8CrNfwIcx,
2026-06-22T02:14:21.000Z,HIMAKBMKMUnsoed,"Pengalaman mengikuti program beasiswa tingkat nasional
* Menambah prestasi dan portofolio akademik

📌 *Periode pendaftaran:*
28 April 2026 – 26 Juni 2026

📢 *Pengumuman penerima beasiswa:*
5 Juli 2026

🔗 *LINK PENDAFTARAN:*
https://t.co/OlC5zenixj",
2025-10-05T04:52:04.000Z,kumparan,"Pemerintah akan meluncurkan program magang bagi lulusan perguruan tinggi maksimal satu tahun setelah kelulusan pada 15 Oktober 2025. Dalam program ini, peserta magang akan mendapat uang saku sebesar Rp 3,3 juta per bulan selama maksimal enam bulan, sebagaimana diatur dalam https://t.co/OFK21FDdlF",
2025-10-23T03:31:25.000Z,CNNIndonesia,Mensos Tegaskan Pemutakhiran Data DTSEN Penting untuk Program Bansos https://t.co/QUgpFPYccX,
2025-09-25T00:45:27.000Z,CNNIndonesia,Syarat dan Cara Daftar Magang Fresh Graduate Bergaji UMP 2025 https://t.co/4y8eUBTvyO,
2025-05-04T02:54:37.000Z,CNNIndonesia,"Lestarikan Tradisi, Raih Prestasi!
Ikuti Kejuaraan Pencak Silat CNN Indonesia Tingkat Nasional Piala Menpora, langsung dari Padepokan Pencak Silat Taman Mini Indonesia Indah pada 2-4 Mei 2025. https://t.co/LXOvMd9tIE",
2026-02-27T03:48:19.000Z,CNNIndonesia,PDIP Larang Keras Program MBG Jadi Ladang Cari Untung https://t.co/BU2HdiB4qD,
2026-04-12T12:50:36.000Z,mesatu_,"Ada dugaan pungli terhadap peserta magang nasional Kemnaker.

Siang tadi gue langsung WA Menaker Yassierli, eh malam ini muncul @Maganghub. Gue coba verifikasi apakah akun tersebut asli?

Barusan dapat informasi dari Dirjen Binalavotas Darmawansyah yang menyatakan akun X https://t.co/4Dipp1jEc7",
2025-11-18T05:31:42.000Z,CNNIndonesia,BGN Ajak Warga Manokwari Awasi Program MBG Demi Jaga Kualitas https://t.co/iC4MwQI2Uk,
2024-07-05T08:00:12.000Z,PDI_Perjuangan,"Ketua Umum PDI Perjuangan Megawati Soekarnoputri Lantik Ganjar Pranowo hingga Ahok jadi Ketua DPP PDI Perjuangan.
Ketua Umum memberikan tugas baru untuk  Ganjar Pranowo sebagai Ketua DPP Bidang Pemerintahan dan Otonomi Daerah, Basuki Tjahaja Purnama alias Ahok sebagai Ketua DPP https://t.co/Rgkt0f6ijM",
2026-06-19T12:17:55.000Z,HIMAKBMKMUnsoed,"🎁 Benefit:
- E-Sertifikat Nasional
- Ilmu dan Wawasan Baru
- Menambah Relasi
- Free Registration

📆 Timeline Pendaftaran:
16 - 25 Juni 2026

🔗 Link Pendaftaran: [ https://t.co/e5WnLPh7Rc ]

📸 Link Twibbon: [ https://t.co/MgwcXzWKId ]",
2024-12-31T20:00:45.000Z,CNNIndonesia,Prabowo Rayakan Tahun Baru 2025 di Bundaran HI https://t.co/rBDYlV428h,
2025-02-23T10:43:19.000Z,CNNIndonesia,"SBY Terima Jabat Ketua Majelis Tinggi Demokrat 2025-2030
https://t.co/jIvj5Uf4JT",
2026-06-23T03:15:00.000Z,KompasTV,"Kantor Perwakilan Bank Indonesia DIY Buka Lowongan Magang, Cek Syaratnya

https://t.co/sYEHyjzmwp",
2025-09-28T07:52:40.000Z,CNNIndonesia,"Presiden Prabowo  akan memanggil Kepala Badan Gizi Nasional, Dadan Hindayana, serta pejabat terkait untuk membahas kasus dalam program MBG. Menurutnya, dugaan keracunan dalam program MBG adalah persoalan besar, tetapi ia optimistis masalah ini bisa segera diselesaikan dengan https://t.co/Mt7BYFdBaj",
2025-06-11T10:32:39.000Z,CNNIndonesia,FOTO: Ngopi Bareng Road To Derap Kerja Sama Jakarta Awards 2025 https://t.co/Y4Wd2dJsZM,
2025-05-27T13:01:06.000Z,CNNIndonesia,"Hasil Sidang Isbat: Idul Adha 1446 H Jatuh pada Jumat 6 Juni 2025 #BREAKINGNEWS
https://t.co/7P12UqtQht",
2025-07-18T12:21:41.000Z,CNNIndonesia,"NasDem soal Status IKN: Jika Tak Jelas, Anggaran Bisa ke Program Lain https://t.co/zUu074tsC7",
2025-09-11T09:59:08.000Z,CNNIndonesia,Kemenkum Resmi Sahkan Kepengurusan PDIP 2025-2030 https://t.co/XAneyqIYXS,
2026-02-04T00:01:29.000Z,KampusUpdate,"MAGANG DI PERTAGAS NIAGA? YES, YOU CAN! 🚀

Pengen ngerasain kerja langsung di industri gas bumi nasional?
Saatnya upgrade skill + bangun pengalaman bareng PT Pertagas Niaga Internship Program!

✨ Real project
✨ Mentoring profesional
✨ Pengalaman kerja BUMN energi
✨ https://t.co/YpUivxxE8p",
2026-04-13T05:37:06.000Z,mesatu_,"Gileee, 30 ribu lebih peserta magang Kemnaker ngadu! 😱

Ini sekitar 30% dari total 102 ribu anak magang nasional di 2025. Chaos banget kan?!

Bukan cuma pungli atau pemotongan uang saku. Banyak fresh graduate kesal parah sama overwork, jobdesc gak nyambung, sampai aturan WFH/WFA",
2025-10-31T03:24:10.000Z,CNNIndonesia,"Pemusnahan barang bukti narkoba dilakukan secara simbolis oleh Presiden RI dan Kapolri di Jakarta pada Rabu (29/10). Sisa barang bukti akan dikawal menuju PT Wastec International, Cilegon, untuk dimusnahkan sepenuhnya.

Direktorat Tindak Pidana Narkoba Bareskrim Polri bersama https://t.co/IgDVvteZqv",
2026-04-08T12:24:05.000Z,tribunnews,"Menteri Keuangan Purbaya Yudhi Sadewa mengungkapkan bahwa pihaknya kecolongan dalam pengadaan 21.800 unit motor listrik oleh Badan Gizi Nasional.

Ia menegaskan Kemenkeu baru menyadari transaksi tersebut setelah berjalan dan segera memotong alokasi anggaran untuk tahun ini. https://t.co/JXSQKnTLY8",
2025-02-13T02:40:12.000Z,CNNIndonesia,"Prabowo Tetapkan Biaya Haji 2025: Embarkasi Jakarta Rp58 Juta
https://t.co/uQ067yyHAN",
2026-04-17T06:00:20.000Z,tribunnews,"Komisi Pemberantasan Korupsi (KPK) menyoroti kelemahan tata kelola Program Makan Bergizi Gratis (MBG) yang dinilai terlalu terpusat.

Berdasarkan temuan Direktorat Monitoring yang tertuang dalam Lampiran Laporan Tahunan KPK 2025, pelaksanaan program raksasa ini menjadikan Badan https://t.co/AfdQjq1H1o",
2026-06-21T22:05:59.000Z,KampusUpdate,"MAGANG DIBAYAR, MAKAN SIANG DISIAPIN? GAK PAKE BONCOS! 🚗💨🍱

Halo Rekan Mahasiswa! Siapa bilang magang cuma dapet capeknya doang? Di PT. Balioh Trans Global, kami percaya kerja keras dan talenta kamu layak mendapatkan apresiasi yang tepat!

Yuk, rasakan pengalaman belajar https://t.co/FLS0R2d2gW",
2025-09-19T04:09:09.000Z,CNNIndonesia,"Ramaikan Jakarta Eco Future Fest 2025, Ada Workshop &amp; Hiburan Seru https://t.co/F8Wl4kwBd1",
2026-02-10T04:16:31.000Z,CNNIndonesia,"Program 3 Juta Rumah, Penyaluran KPP BRI Capai 49% dari Total Nasional https://t.co/QHFuPx5m9D",
2025-11-09T10:01:40.000Z,CNNIndonesia,Daftar 40 Nama Calon Pahlawan Nasional yang Diusulkan Tahun 2025 https://t.co/Oy5Lb1vZq5,
2025-10-19T10:41:34.000Z,CNNIndonesia,Total 33 Laporan Pelecehan Seksual di KRL Terjadi Sepanjang 2025 https://t.co/GIpp1xMS9x,
2025-01-30T22:32:26.000Z,CNNIndonesia,"Di Hadapan Prabowo, Listyo Pamer Program MBG yang Dilakukan TNI-Polri https://t.co/PiXF7hquem",
2026-06-18T08:15:00.000Z,RadioSmartFM,"Menaker Yassierli menyebut, sebaran peserta magang nasional masih terpusat di Pulau Jawa, terutama Jakarta.

Yassierli mengatakan, kesimpulan tersebut merupakan hasil evaluasi dari pelaksanaan program Magang Nasional batch III yang secara resmi telah ditutup.

#SmartNews https://t.co/791WY91AWM",
2025-09-23T11:50:19.000Z,CNNIndonesia,Ketua DPR Puan Maharani Minta Pemerintah Evaluasi Total Program MBG https://t.co/8WbwdFyqmp,
2024-12-14T13:28:23.000Z,CNNIndonesia,Pramono Anung Bakal Akomodir Program RK dan Dharma Pongrekun https://t.co/72nYxM16gZ,
2025-11-24T10:40:32.000Z,CNNIndonesia,Bupati Klaten Hadiri Penutupan TMMD Sengkuyung Tahap IV 2025 https://t.co/eKizNLRAVK,
2024-09-08T12:30:13.000Z,CNNIndonesia,RK-Suswono Rancang Program Makan Siang Gratis untuk Ojol di Jakarta https://t.co/qxENB7zIyN,
2025-10-08T05:48:27.000Z,CNNIndonesia,Siapa Saja yang Bisa Ikut Program Magang Pemerintah? https://t.co/ypo5Th075N,
2025-07-01T19:31:09.000Z,CNNIndonesia,"Di Depan Prabowo, Kapolri Pamer Program Dukung MBG-Ketahanan Pangan https://t.co/WZ9MyemQYJ",
2025-11-01T04:46:10.000Z,CNNIndonesia,FOTO: Kapolri Hingga Jaksa Agung di Meriah CNN Indonesia Awards 2025 https://t.co/bSQdjZjSvZ,
2026-01-14T14:26:10.000Z,CNNIndonesia,Jepang Studi Banding Program Makan Bergizi Gratis untuk 60 Juta Anak https://t.co/ezjebty21L,
2025-12-03T13:57:19.000Z,CNNIndonesia,Menko Perekonomian Tinjau Program Pemagangan Nasional di Telkom https://t.co/CoMGCXOjLR,
2025-11-19T00:30:27.000Z,CNNIndonesia,Bawas MA: 74 Hakim Dijatuhi Sanksi Sepanjang 2025 https://t.co/I4BwFkTvUF,
2024-11-02T09:15:39.000Z,CNNIndonesia,Sekolah SD-SMA Negeri dan Swasta di Jakarta Gratis Mulai Juli 2025 https://t.co/2pu1oR4j3G,
2024-01-06T04:01:45.000Z,CNNIndonesia,"Keliling Jateng, Zulhas Sebut Ingin Lanjut dan Tambah Program Jokowi #Ad https://t.co/4XFkI2KB0r",
2025-07-05T10:52:10.000Z,CNNIndonesia,Borong Skin Care sambil Drop Sampah Kosmetik di Rekosistem JxB 2025 https://t.co/CBRHveFS92,
2026-06-22T02:53:22.000Z,cicibasudara,"SINTA 4 MANAJEMEN, EKONOMI, AKUNTANSI (FULL SLOT) ❌
SINTA 5 ILMIAH MANAJEMEN &amp; KEWIRAUSAHAAN (FULL SLOT) ❌
SINTA 5 INFORMATIKA &amp; MULTIMEDIA (FULL SLOT) ❌",
2024-09-11T03:34:28.000Z,CNNIndonesia,Jubir RK-Suswono: Program Rp100-200 Juta per RW Tak Dipukul Rata https://t.co/rKfv9kxPlj,
2025-09-23T23:01:35.000Z,CNNIndonesia,Daftar Enam Jaksa Pemenang Adhyaksa Awards 2025 https://t.co/eAIEk3BRm9,
2025-09-23T15:26:45.000Z,CNNIndonesia,67 RUU Prolegnas Prioritas 2026 &amp; 52 RUU Perubahan 2025 Resmi Disahkan https://t.co/aBxhgLlB1M,
2025-01-11T05:18:37.000Z,CNNIndonesia,"Program Makan Bergizi Gratis, BPOM Temukan Kasus Sayur Basi https://t.co/mczuYA9pwu",
2026-05-07T13:37:43.000Z,CNNIndonesia,"Kronologi Dokter Magang Meninggal di Jambi: Sempat Linglung, Masuk ICU https://t.co/ZYKZILsR8v",
2025-12-13T13:11:52.000Z,CNNIndonesia,Bupati Klaten Ikuti Rapurna TMMD Ke-46 Tahun 2025 di Mabesad Jakarta https://t.co/cXdrgfGL9w,
2025-01-17T20:01:18.000Z,CNNIndonesia,Wakil Ketua DPR Dorong Pemda Gunakan APBD Bantu Program MBG https://t.co/HSKBOzdPZx,
2025-10-21T10:57:31.000Z,CNNIndonesia,Susunan Upacara Hari Santri Nasional 2025 Lengkap Teks Ikrarnya https://t.co/rjHNfGHy6m,
2025-05-29T08:25:20.000Z,CNNIndonesia,"Wamenkum: Suka Tak Suka, RUU KUHAP Harus Disahkan 2025 Ini https://t.co/iWP6Iu0W5u",
2025-11-02T08:56:21.000Z,CNNIndonesia,Budi Arie Kembali Terpilih Jadi Ketum Projo 2025-2030 https://t.co/vSzuzkjTam,
2025-11-10T07:05:34.000Z,CNNIndonesia,BGN Dorong Pemenuhan Gizi Suku Badui Lewat Program MBG Kategori 3T https://t.co/CZykbcGR2C,
2026-05-04T13:01:09.000Z,CNNIndonesia,KPK Lakukan Kajian Terkait Program Sekolah Rakyat https://t.co/fGQcUqCpbX,
2026-06-16T05:53:56.000Z,tribunmedan,"Kebijakan Baru Program MBG Era Nanik S Deyang, BGN Larang Pegawai Miliki SPPG,Fokus Penerima Manfaat
 
https://t.co/X3kT65gyb9 lewat @tribunnews",
2026-01-12T08:22:32.000Z,CNNIndonesia,"Prabowo Subianto meresmikan program Sekolah Rakyat secara nasional, Senin (12/1). Total ada 166 titik Sekolah Rakyat rintisan se-Indonesia yang diresmikan Prabowo dalam kegiatan yang dipusatkan di Sekolah Rakyat Terpadu (SRT) 9 Banjarbaru, Kalimantan Selatan.

""Dengan mengucap https://t.co/HR2sGTKzFS",
2025-04-30T05:57:03.000Z,CNNIndonesia,"H-1 May Day 2025, DPR dan Istana Kumpulkan Pimpinan Organisasi Buruh
https://t.co/0M7wIuwffZ",
2025-03-28T03:43:49.000Z,CNNIndonesia,"Lebaran 2025 Diprediksi Serentak antara Pemerintah, NU, Muhammadiyah https://t.co/DRvrO0hfiA",
2025-11-12T00:00:46.000Z,CNNIndonesia,Kumpulan Puisi dan Pantun Hari Ayah Nasional 2025 yang Menyentuh Hati https://t.co/LpMPVHREmq,
2025-12-09T12:12:27.000Z,CNNIndonesia,Update BNPB 9 Desember 2025: Jumlah Korban Meninggal Menjadi 964 jiwa https://t.co/0h9W0Xtzuv,
2025-06-05T01:02:48.000Z,CNNIndonesia,Serba-Serbi Haji Furoda 2025 yang Gagal Berangkat https://t.co/mp16XTMvNq,
2025-06-19T15:25:32.000Z,CNNIndonesia,Cak Imin Wakili Prabowo Hadiri Pembukaan Jakarta Fair 2025 https://t.co/wevXanC1eT,
2025-11-30T07:51:23.000Z,CNNIndonesia,BGN dan Pemprov Kepri Bahas Optimalisasi Program Makan Bergizi Gratis https://t.co/lCbvMDY6Re,
2025-05-01T12:55:20.000Z,CNNIndonesia,"Lestarikan Tradisi, Raih Prestasi!

Ikuti Kejuaraan Pencak Silat CNN Indonesia Tingkat Nasional Piala Menpora secara langsung dari Padepokan Pencak Silat Taman Mini Indonesia Indah pada 2-4 Mei 2025!

#cnnindonesia #pencaksilat https://t.co/o7PIlwSRxI",
2024-12-31T11:35:12.000Z,CNNIndonesia,Jalan Utama di Solo Ditutup untuk Sambut Malam Tahun Baru 2025 https://t.co/5AGSAL3GDT,
2025-12-31T11:24:40.000Z,CNNIndonesia,Total 138 Buron Berhasil Ditangkap Intelijen Kejaksaan Sepanjang 2025 https://t.co/9kBpcUlI4I,
2026-02-08T17:00:43.000Z,CNNIndonesia,"Survei Indikator: 72,8 Persen Publik Puas Program MBG, Didominasi GenZ https://t.co/R0qTmUV85W",
2024-11-17T05:25:50.000Z,CNNIndonesia,Risma Dorong Warga Ngajum Bangkit dengan Program Pahlawan Ekonomi #Ad https://t.co/GLjI0bDJhl,
2026-06-23T02:48:28.000Z,UnivTerbuka,"Ayo set jadwal IG Live ini dalam schedule list-mu ya, Sahabat UT! 😊 Penting, jangan sampai terlewat ya 🚀

-------

Semua Bisa Kuliah di Kampus Negeri📚👨🏻🎓🧑🏻🎓✨
Fleksibel Kuliahnya✨, Murah Biayanya, Terjamin Kualitasnya🤩, Terakreditasi A oleh BAN-PT🌟, Tanpa Uang Gedung💵,",
2025-10-29T12:21:57.000Z,CNNIndonesia,256 Ribu Orang Sudah Daftar Program Magang Pemerintah https://t.co/crPNsLbqtn,
2025-11-22T18:30:29.000Z,CNNIndonesia,Anwar Iskandar Ditetapkan Jadi Ketua Umum MUI 2025-2030 https://t.co/okpt8R8Kyb,
2026-06-22T21:09:13.000Z,OposisiCerdas,Pemerintah Lanjutkan Program Magang dan Vokasi pada Semester II Tahun 2026 https://t.co/BQFK2r6K6M,
2026-06-23T03:10:45.000Z,tersatukan,"🦋open joki tugas murah 🦋
joki tugas kuliah maba sma all jurusan

✅makalah
✅jurnal sempro
✅artikel 
✅ paper analisis
✅ rivew resume buku
✅ karya ilmiah 
✅ tugas ospek
✅ quiz realtime 
✅ studi kasus essay uas ppt

https://t.co/C1jtGL9Wvq

#jokitugas #zonauang",
2025-07-13T01:16:02.000Z,CNNIndonesia,275 Siswa Program Sekolah Rakyat di Aceh Siap Jalani Tahun Ajaran Baru https://t.co/h3NqcRzg30,
2024-12-13T05:52:39.000Z,CNNIndonesia,Gibran Klaim Program Makan Bergizi Gratis Paling Didukung Ibu-ibu https://t.co/mx5FO4ObI3,
2026-06-23T02:51:33.000Z,infokampuskuid,"Gas daftar sekarang sebelum kuota penuh!
🔗 Link Pendaftaran: 👉 https://t.co/83Xyghs4jL &amp; https://t.co/njWCAnsYHu https://t.co/1g5vZ6PMIG",
2026-06-23T02:53:07.000Z,ppn_prigi,"PPN Prigi

Penyerahan Cinderamata Tandai Berakhirnya Program Magang/PKL Mahasiswa di PPN Prigi, Kegiatan, 22 Jun 2026

[5 Juni 2026] Penyerahan Cinderamata Tandai Berakhirnya Program Magang/PKL Mahasiswa di PPN PrigiPelabuhan Perikanan Nusa... https://t.co/Z3CKmaMtti",
2026-06-22T23:53:09.000Z,arin_studyy,"[ PERSEBARAN MATERI UTBK-SNBT ]
more info: https://t.co/kCCUpm6Buv

🖇️ : https://t.co/eMQQk2NTI0

arranged by arin_studyy on x
Sc : Alternatifa Project | 5% 2026

Info Program Alternatifa Project 2027 
(TKA/UTBK/Ujian Mandiri)
https://t.co/zS5XLyw8xP",
2026-06-22T13:34:30.000Z,airlangga_hrt,"guna menekan biaya produksi dan meningkatkan daya saing industri.

Pada pilar ketenagakerjaan dan kelas menengah, Pemerintah mengalokasikan Rp4,14 triliun untuk Program Magang Nasional Tahap II yang menyasar 150.000 fresh graduate, serta Rp2,12 triliun untuk program vokasi bagi",
2026-01-16T12:32:03.000Z,kompascom,"Kepala Badan Gizi Nasional (BGN) Dadan Hindayana mengonfirmasi bahwa sebagian pegawai SPPG diangkat menjadi PPPK sesuai Perpres Nomor 115 Tahun 2025 tentang Program Makan Bergizi Gratis.

Baca selengkapnya 👇
https://t.co/V81CdxMF2z

~LL #SPPG #PPPK https://t.co/jcGDD2rDTG",
2026-06-22T00:46:26.000Z,prasprasetja,"@finishmywriting Belum bisyaa, soalnya ini program Maganghub, jadi cuma bisa &lt;1 tahun sejak lulus.",
2026-06-19T06:02:50.000Z,KampusUpdate,"Punya passion di dunia investasi, pasar modal, media sosial, dan pembuatan konten? Saatnya menambah pengalaman sekaligus mengembangkan skill bersama kami! 🚀✨

📌 Program Magang BEI Kantor Perwakilan Kalimantan Tengah
🗓️ Periode: Juli – Desember 2026
📍 Penempatan: Palangka Raya https://t.co/dnwcwvLjkC",
2026-06-18T01:35:07.000Z,HIMAKBMKMUnsoed,"✨ [PRESS RELEASE AMATIRAN (TUTORAN) UAS 2026] ✨

Divisi Keilmuan telah melaksanakan kegiatan tutoran bagi dua angkatan termuda, yaitu angkatan 2024 dan 2025 yang dilaksanakan secara online melalui Zoom Clouds Meeting pada hari Minggu, 14 Juni 2026. https://t.co/8u5RovTozE",
2026-06-19T23:45:27.000Z,whereurvoice,"IPB University
- SM IPB Vokasi: 12 Mei–1 Juli 2026, 12.00 WIB

Universitas Negeri Yogyakarta
- CBT Domisili: 6 Juni–23 Juli 2026
- CBT Kampus: 4 Mei–2 Juli 2026
- Skor UTBK: 6 Juni–17 Juli 2026
- Skor UTBK Vokasi: 6 Juni–17 Juli 2026
- CBT Domisili Vokasi: 4 Mei–2 Juli 2026",
2026-06-18T10:03:39.000Z,garudatvnews,"Program Magang Nasional dinilai memberikan banyak manfaat bagi fresh graduate, mulai dari pengalaman kerja, pengembangan keterampilan, hingga perluasan jaringan profesional. 

Program ini menjadi jembatan bagi lulusan baru untuk lebih siap menghadapi dunia kerja yang kompetitif https://t.co/cBii9ywx1P",
2025-01-10T07:21:14.000Z,CNNIndonesia,BPOM Temukan Kasus Sayur Basi untuk Program MBG https://t.co/EZdlaSLAnK,
2025-11-28T06:00:28.000Z,CNNIndonesia,Purbaya Usul Lulusan SMK Bisa Masuk Program Magang Nasional https://t.co/PL9y5ZMCg5,
2025-03-31T10:00:15.000Z,Beritasatu,"Ketua Dewan Ekonomi Nasional (DEN) Luhut Binsar Pandjaitan meminta masyarakat agar menyampaikan kritik kepada pemerintah dengan sopan, santun, dan ramah, karena itu bagian dari budaya Indonesia. Hal itu disampaikan Luhut saat berkunjung ke rumah Presiden ke-7 RI Joko Widodo https://t.co/NypBvktt0T",
2025-11-29T08:36:18.000Z,CNNIndonesia,"Serap Ribuan Peserta, Program Magang Nasional di BNI Tuai Pujian https://t.co/jgXXJmq9CM",
2026-03-11T07:21:34.000Z,CNNIndonesia,Pinhome Nilai Pasar Properti Nasional Tetap Stabil Hingga Akhir 2025 https://t.co/4k71vYEfj6,
2026-02-20T23:02:51.000Z,CNNIndonesia,"Pemerintah Klaim Rekor Pemulihan Aset 2025 Tembus Rp28,6 T https://t.co/EE0TLtUVi3",
2025-11-03T01:29:39.000Z,Gerindra,"Program Magang Nasional 2025 merupakan salah satu langkah nyata Presiden @prabowo Subianto dalam Paket Stimulus Ekonomi Nasional, dengan tujuan menekan angka pengangguran dan menyiapkan generasi muda agar lebih siap menghadapi dunia kerja. https://t.co/becGG6idzx",
2025-11-13T05:31:56.000Z,CNNIndonesia,Ini Jadwal Lengkap Magang Nasional Batch 2 Tahun 2025 Terbaru https://t.co/iyVvXX3Mpr,
2025-03-27T12:54:09.000Z,MariaAlkaff_,"Gak akan muncul di siaran TV Nasional!!

UPDATE🚨🚨🚨

Polisi membubarkan demonstrasi tolak RUU TNI di depan DPR, Jakarta, 27 Maret 2025. 
Massa melawan dengan melempar petasan, batu, dan molotov. 

Sementara polisi merespons dengan water cannon dan strategi maju perlahan. https://t.co/WqxLpRgfTa",
2026-06-17T08:21:06.000Z,garudatvnews,"Tema 1:
Insentif Rp6 Juta MBG Dihapus, Apa Dampaknya?

Penghapusan insentif Rp6 juta bagi pelaksana Program Makan Bergizi Gratis (MBG) dinilai dapat meningkatkan efisiensi anggaran dan memperluas manfaat program. Namun, menurut sebagian orang kebijakan ini juga berpotensi https://t.co/w1dvy7Py2M",
2025-03-03T12:36:22.000Z,CNNIndonesia,"Mensos: Sekolah Rakyat Dimulai Juli 2025, Bentuknya Boarding School https://t.co/xcEJ90TipI",
2026-02-02T00:30:20.000Z,CNNIndonesia,Andar Amin Harahap Terpilih Jadi Ketua DPD Golkar Sumut 2025-2030 https://t.co/rmHjwcfQeq,
2025-12-01T09:23:15.000Z,CNNIndonesia,"Cek Jadwal, Syarat, dan Cara Daftar Magang Nasional Batch 3 https://t.co/voYIJYCuP1",
2026-04-02T21:30:39.000Z,CNNIndonesia,Polri Ungkap Sederet Pelanggaran dan Kematian Peserta Didik 2025 https://t.co/euPDewm919,
2025-09-28T12:37:56.000Z,CNNIndonesia,Kemenkes Bakal Kerahkan Ahli Gizi Pantau Program MBG https://t.co/If8qu7ocvk,
2025-08-19T10:53:29.000Z,CNNIndonesia,"Program Makan Bergizi Gratis menjadi salah satu kebijakan yang paling dinantikan masyarakat. MBG digadang menjadi Solusi peningkatan gizi di Masyarakat Indonesia agar kualitas generasi penerus bangsa kian membaik. Namun, bagaimana pelaksanaannya di lapangan? Apa saja tantangan https://t.co/1GLKjd4xZg",
2025-07-17T04:01:05.000Z,CNNIndonesia,DKI Siapkan Anggaran Rp90 M untuk Program Sekolah Swasta Gratis https://t.co/dbGUDAZyFw,
2026-04-15T13:48:08.000Z,CNNIndonesia,Mendagri Tito Apresiasi Program Bedah Rumah di Papua https://t.co/fMFttYzBqr,
2025-01-20T23:02:30.000Z,CNNIndonesia,"Long Weekend, Jakarta Tak Ada Ganjil Genap 27-29 Januari 2025 https://t.co/3ql38lTDPH",
2025-03-29T12:02:44.000Z,CNNIndonesia,"#BREAKINGNEWS 
Pemerintah Tetapkan Hari Raya Idulfitri 2025 Senin 31 Maret
https://t.co/OW1J7o44dt",
2025-08-13T00:45:36.000Z,CNNIndonesia,18 Agustus 2025 Cuti Bersama atau Libur Nasional? https://t.co/a5flapKFBa,
2025-01-03T21:01:39.000Z,CNNIndonesia,TNI AL Siapkan 10 Titik Dapur Umum Dukung Program Makan Bergizi Gratis https://t.co/n8laMfi4en,
2025-02-22T06:51:08.000Z,CNNIndonesia,Special Interview HPSN 2025: Kolaborasi untuk Indonesia Bersih https://t.co/x7Qiy7wP7s,
2025-06-21T00:56:57.000Z,CNNIndonesia,"Yuk ke JICC, Ada 10 Ribu Loker Freelance di IIHF 2025 Hingga 22 Juni https://t.co/dLqtB1T4dq",
2025-03-09T10:16:42.000Z,CNNIndonesia,Jadwal Buka Puasa Hari Ini Minggu 9 Maret 2025 https://t.co/UGZfJbAGyz,
2025-10-08T13:30:00.000Z,CNNIndonesia,"Hidrogen hijau (Green Hydrogen) dianggap sebagai salah satu solusi paling menjanjikan untuk mendorong transisi energi. Bahan bakar ini mampu menggantikan energi fosil di sektor-sektor yang sulit di dekarbonisasi, dan membuka peluang baru bagi kemandirian energi nasional. https://t.co/5ivUvjW6tv",
2024-03-27T19:31:42.000Z,CNNIndonesia,3 Tersangka TPPO Magang ke Jerman Bekerja di Universitas https://t.co/Q1PWB0iatS,
2024-02-02T13:03:06.000Z,CNNIndonesia,Airlangga Klaim Cuma Prabowo yang Bisa Lanjutkan Program Bansos https://t.co/zR55DDxsJS,
2025-07-24T08:23:56.000Z,CNNIndonesia,"Bukan Esemka, Ada Merek Mobil Nasional Baru di GIIAS 2025 https://t.co/eff6VsU8Fb",
2025-12-01T22:02:23.000Z,CNNIndonesia,Campus League Futsal 2025 Siapkan Kejutan Jelang Putaran Nasional https://t.co/85F3DbMG8a,
2026-05-10T01:42:00.000Z,indepenSumatera,"URGENT: TESSO NILO DALAM BAHAYA, TESSO NILO DALAM BAHAYA , TESO NILO DALAM BAHAYA🚨

JANJI PEMERINTAH UNTUK MENGEMBALIKAN TESSO NILO JADI KAWASAN HUTAN YANG RAMAH AKAN SATWA CUMA SEKEDAR OMON OMON. 

PEMERINTAH PEMBOHONG
PEMERINTAH PENDUSTA
PEMERINTAH KALAH SAMA MAFIA

Meski https://t.co/W6Zcpvbkep",
2026-06-23T03:13:17.000Z,Kemdikdasmen,"Hai #SobatBelajar,

Saatnya berkontribusi dalam Pengembangan Konten Digitalisasi Pembelajaran SPNF Tahun 2026. Melalui partisipasi semesta, kita hadirkan konten pembelajaran yang inovatif, relevan, dan bermanfaat bagi warga belajar Pendidikan Kesetaraan di seluruh Indonesia.

✨ https://t.co/J6JBThIT4U",
2026-06-23T03:22:24.000Z,setkabgoid,"Pertama, meresmikan pelaksanaan Inpres Jalan Daerah Tahun 2025 yang mencakup pembangunan dan peningkatan jalan sepanjang 1.151 km di 37 provinsi di Indonesia. Peresmian dipusatkan di Kabupaten Sampang sebagai simbol pemerataan pembangunan dan penguatan konektivitas nasional. https://t.co/GADcIpe1hg",
2026-03-17T06:46:00.000Z,CNNIndonesia,"Ribuan peserta program mudik gratis 2026 memadati kawasan Monumen Nasional, Jakarta, pada Selasa (17/3) sejak pukul 05.30 WIB.

Monas menjadi titik awal keberangkatan menuju kampung halaman menjelang Lebaran.

Para peserta diwajibkan menjalani proses registrasi sebelum naik ke https://t.co/AzXDwubgKw",
2026-06-19T23:45:28.000Z,whereurvoice,"- CBT Kampus Vokasi: 6 Juni–23 Juli 2026

Universitas Pendidikan Ganesha
- Mandiri Nilai Rapor: 2 April–30 Juni 2026
- Mandiri Skor UTBK: 13 April–30 Juni 2026
- Mandiri CBT: 2 April–30 Juni 2026

Universitas Sumatera Utara
- SMM Tahap 1: 1 Mei–30 Juni 2026",
2025-03-20T21:01:09.000Z,CNNIndonesia,Jadwal Imsak dan Subuh Hari Ini Jumat 21 Maret 2025 https://t.co/uV3hh9yTAB,
2026-06-21T20:22:20.000Z,WartegPikiran,"@KemnakerRI Buat yang mau daftar, jangan tunggu pendaftaran dibuka baru panik rapiin akun.

Sambil nunggu, cek dulu hal-hal dasar:
1. Email &amp; nomor HP masih aktif
2. NIK/data diri sesuai KTP
3. CV versi PDF sudah rapi
4. Ijazah/transkrip/sertifikat gampang diakses
5. Pengalaman organisasi,",
2025-12-08T07:40:12.000Z,CNNIndonesia,"Perhatikan, Begini Cara Resmi Mundur dari Program Magang Kemnaker https://t.co/QZFw2pD7HX",
2026-06-17T11:30:42.000Z,garudatvnews,"Tema 1:
Insentif Rp6 Juta MBG Dihapus, Bagaimana Nasib Program dan Para Mitranya?

Kebijakan penghapusan insentif sebesar Rp6 juta dalam program Makan Bergizi Gratis (MBG) menjadi sorotan publik. Perubahan ini memunculkan berbagai pertanyaan mengenai keberlanjutan program, https://t.co/DJhn5jI83s",
2025-03-17T06:21:03.000Z,CNNIndonesia,"Update Resmi: CPNS Diangkat Paling Lambat Juni, PPPK Oktober 2025
https://t.co/30ccVhhPd9",
2026-06-23T02:53:56.000Z,jokibyaksa,"open joki tugas 🐰
menerima: 💌 joki tulis 💌 nomor halaman, daftar isi/gambar/tabel/lampiran 💌 PPT &amp; makalah 💌 review jurnal 💌 ubah skripsi jadi jurnal 💌 dafpus mendeley 💌 verbatim 💌 WordPress 💌 dll by request
 #zonauang",
2025-01-30T08:13:20.000Z,inilahdotcom,"Ketua DPR RI Puan Maharani menyoroti banyaknya mitra program Makan Bergizi Gratis (MBG) yang mundur karena tak dibayar oleh Badan Gizi Nasional (BGN). 

Puan memberikan kesempatan pemerintah untuk mengevaluasi secara maksimal program yang sudah berjalan tiga pekan lalu sejak awal https://t.co/ARvGI4wL1X",
2025-09-28T08:49:47.000Z,CNNIndonesia,FOTO: Festival Perahu Cinta Lingkungan di Sungai Ciliwung 2025 https://t.co/1dHK2AWfCv,
2026-06-19T23:45:29.000Z,whereurvoice,"- SMM Tahap 2: 29 Juni–10 Juli 2026

Universitas Tidar
- SMODS: 14–17 Juli 2026

UPN Jawa Timur
- Mandiri UTBK: 25 Mei–22 Juni 2026

UPN Yogyakarta
- Mandiri CBT: 23 Juni–22 Juli 2026

ISI Surakarta
- SM Bela Negara 2: 1–15 Juli 2026
- Jalur Mandiri: 25 Mei–30 Juni 2026",
2025-09-25T01:15:38.000Z,CNNIndonesia,8 Catatan untuk Prabowo Jika Masih Ngotot Lanjutkan Program MBG https://t.co/0RK9fIAaOi,
2025-09-25T07:36:30.000Z,CNNIndonesia,"Dr. dr. Tan Shot Yen mengkritik keras menu burger dalam program Makan Bergizi Gratis (MBG) di depan anggota Komisi XI DPR RI, Senin (22/9).⁣ Ia menilai burger bukan pangan sehat dan tidak mencerminkan kedaulatan pangan nasional.⁣ #CNNIndonesia https://t.co/xEjT0mBeoX",
2026-06-23T02:55:54.000Z,ngantukbgtpls,AQIL PINTER AQIL BANTAI SEMESTER 5 💗🫂🌱🐦‍🔥🍉🎪🎉🎖🎀🎭👑🧠👁🍥,
2025-03-20T03:48:48.000Z,NarasiNewsroom,"Dewan Perwakilan Rakyat (DPR) menyetujui revisi Undang-Undang Nomor 34 Tahun 2004 tentang Tentara Nasional Indonesia (TNI) dalam rapat paripurna yang digelar hari ini, Kamis (20/3/2025) pukul 09.30 WIB di Gedung Nusantara II, Jakarta Pusat. 

Proses revisi ini diawali dengan https://t.co/ANXcPoUr2Z",
2025-10-10T08:36:49.000Z,CNNIndonesia,Penyebab Gagal Daftar Magang Nasional dan Solusinya https://t.co/AV3FPSrs5P,
2026-03-16T14:02:00.000Z,dntyk,"Tom Lembong di podcast Malaka:

1. Stok BBM nasional cuma 20-25 hari. Jepang 250 hari.
2. Minyak murah tahun lalu, gak diborong. Uangnya ke program lain.
3. Tarif Trump: kita panik, dapet 19%. Negara yang santai cuma 10%.

Pesannya: hemat, nabung, siap-siap. https://t.co/uEFxScQmE9",
2025-01-15T00:45:26.000Z,CNNIndonesia,"Lantik Pejabat Tinggi, Menteri Imipas Tekankan 13 Program Akselerasi https://t.co/b4AR3U1umX",
2025-03-30T14:23:20.000Z,CNNIndonesia,Masjid Istiqlal Siapkan 9 Kantong Parkir untuk Salat Id 2025 https://t.co/rYdfR4NcKS,
2025-09-12T05:28:42.000Z,CNNIndonesia,"Warga DKI Bersiap, Eco Future Fest 2025 Digelar 25-26 September https://t.co/CQbx4YPR3k",
2025-10-10T01:01:01.000Z,CNNIndonesia,Yusril: Hambali Akan Diadili Pengadilan Militer AS November 2025 https://t.co/4tcUWGYnWm,
2025-03-31T09:25:46.000Z,CNNIndonesia,Dasco hingga Raffi Ahmad Hadiri Open House Lebaran 2025 Zulkifli Hasan https://t.co/jcMmVYBSpL,
2025-03-22T09:59:36.000Z,CNNIndonesia,Jadwal Buka Puasa Hari Ini Sabtu 22 Maret 2025 https://t.co/4B3JRoqZl4,
2024-08-01T02:04:03.000Z,CNNIndonesia,"Kritik Magang Kampus Merdeka, Layakkah Dipertahankan? https://t.co/Lkf6MWUQIP",
2025-12-31T12:40:08.000Z,CNNIndonesia,4 Perkara Besar Diungkap Kejagung di 2025: Nadiem hingga Riza Chalid https://t.co/z0J9NYs4G7,
2025-12-26T14:26:26.000Z,CNNIndonesia,"Di tengah Nataru 2025/2026 yang berlangsung dalam kondisi tidak normal akibat bencana hidrometeorologi di Sumatra, pemerintah memastikan pasokan energi nasional berada dalam kondisi aman.

Namun, bagaimana makna “aman” itu dipahami dalam kebijakan publik?
Bukan hanya soal angka https://t.co/QK4N8PT5xi",
2025-09-08T03:19:07.000Z,CNNIndonesia,"Ribuan Pelari Ramaikan Bandung BEDAS Run 2025, Termasuk dari Brasil https://t.co/Yg7LYYJvUD",
2025-10-23T10:47:20.000Z,CNNIndonesia,"CT Sowan ke Kiai Anwar Manshur Lirboyo, Janji Buat Program Pesantren
https://t.co/gQJt3spvku",
2024-10-06T16:04:04.000Z,CNNIndonesia,"RIDO Gagas Program Sekolah Politik Perempuan Jika Menang Pilkada DKI
https://t.co/6p9sK3SURL",
2025-01-06T00:00:21.000Z,CNNIndonesia,Program Makan Bergizi Gratis Resmi Dimulai Hari Ini Serentak 190 Titik https://t.co/ECpRfg9Fpd,
2024-12-04T21:01:28.000Z,CNNIndonesia,Nasaruddin Umar soal BPH: Kemenag Masih Jadi Penyelenggara Haji 2025 https://t.co/TDREuDSKZ4,
2025-03-10T11:19:57.000Z,CNNIndonesia,"Bank Mandiri Gelar Program Mudik Gratis 2025, Layani 80 Kota Tujuan #Ad https://t.co/BWjgJVU5Hu",
2024-07-24T15:28:50.000Z,CNNIndonesia,Pemprov DKI Ingin Robohkan Rusunawa Marunda Kluster C di 2025 https://t.co/1NNWitsFj2,
2024-12-11T20:00:43.000Z,CNNIndonesia,Kepala BPOM Temui Jaksa Agung Minta Kawal Program Makan Bergizi Gratis https://t.co/wCeRmPwMMr,
2025-03-01T20:30:20.000Z,CNNIndonesia,Jadwal Imsak dan Salat Subuh Hari Ini Minggu 2 Maret 2025 https://t.co/N7MG7XfpXr,
2024-12-10T06:47:03.000Z,CNNIndonesia,"Kotak Kosong Menang, Pilkada Ulang Digelar 27 Agustus 2025 https://t.co/Akq5kbX6g5",
2025-03-20T08:06:52.000Z,CNNIndonesia,"Akses terhadap layanan kesehatan yang berkualitas adalah hak asasi manusia yang mendasar. Sebagai negara dengan lebih dari 280 juta penduduk yang tersebar di ribuan pulau, Indonesia kini semakin dekat dengan visi pelayanan kesehatan yang inklusif melalui inisiatif bersejarah: https://t.co/1LQl1VYbLq",
2025-02-09T11:23:19.000Z,CNNIndonesia,"Cek Kesehatan Gratis Mulai Besok, Ultah Januari 2025 Tetap Bisa Ikut https://t.co/kDSXNdOZ8B",
2024-07-08T11:51:53.000Z,CNNIndonesia,"Tito: Pelantikan Pilkada Serentak Bertahap Mulai 1 Januari 2025 
https://t.co/IjhhJDib1c",
2025-04-19T08:38:14.000Z,CNNIndonesia,Kemenkes: Jemaah Haji 2025 Wajib Vaksin Polio https://t.co/SunbzUfX7F,
2025-11-14T05:31:53.000Z,CNNIndonesia,Kapan Pengumuman Hasil Seleksi Magang Nasional Batch 2 2025? https://t.co/8E0fdcgBWN,
2026-02-01T08:36:22.000Z,bagindo_kopi,"Wakil Ketua Komisi Perlindungan Anak Indonesia (KPAI), Jasra Putra mendesak Badan Gizi Nasional (BGN) bersama pemerintah untuk menghentikan sementara Program Makan Bergizi Gratis (MBG). Hal ini ia sampaikan menyusul berulangnya kasus keracunan makanan yang menimpa siswa di https://t.co/WRRuQc8RFL",
2025-10-16T09:51:21.000Z,CNNIndonesia,Link &amp; Cara Cek Pengumuman Hasil Seleksi Magang Nasional Kemnaker 2025 https://t.co/QAIg79LWzU,
2025-06-24T03:21:55.000Z,CNNIndonesia,Kemdiktisaintek Respons Isu Mahasiswa Retaker Program Profesi Dokter https://t.co/m8h6Jbdb4k,
2025-03-29T04:43:05.000Z,CNNIndonesia,FOTO: Jemaah Naqsabandiyah Rayakan Lebaran 2025 Hari Ini https://t.co/AZlUkTMlTR,
2024-11-07T22:01:37.000Z,CNNIndonesia,Cak Imin Harap Tambahan Anggaran Bansos 2025 Capai Rp100 Triliun https://t.co/fzMsh8x63K,
2026-03-15T07:36:38.000Z,CNNIndonesia,PAN DPR RI Berangkatkan 3.000 Pemudik Lewat Program Mudik Ceria 2026 https://t.co/Xj4YJxz5ip,
2025-03-16T09:13:39.000Z,CNNIndonesia,Jadwal Buka Puasa Hari Ini Minggu 16 Maret 2025 https://t.co/njCQY2eaEM,
2026-03-10T07:59:35.000Z,CNNIndonesia,"Banjir bandang dan longsor yang melanda wilayah Aceh, Sumatera Utara, dan Sumatera Barat pada akhir November 2025 meninggalkan dampak besar bagi masyarakat. Ribuan rumah rusak, akses jalan terputus, hingga aktivitas ekonomi lumpuh akibat bencana hidrometeorologi yang dipicu curah https://t.co/opsVI61qNr",
2026-02-10T09:07:56.000Z,CNNIndonesia,"Indeks Korupsi Indonesia 2025 Dapat Skor 34, Sama Seperti Nepal https://t.co/SlqMZ3BkaQ",
2024-11-06T04:52:11.000Z,CNNIndonesia,Program Mendikdasmen Mu'ti: Matematika Sejak TK - Kualifikasi Guru https://t.co/GPXMNLv3Ju,
2024-01-21T13:17:46.000Z,CNNIndonesia,"VIDEO: Cak Imin-Mahfud MD Kompak Sentil Program Food Estate #DebatCawapres #PilihanIndonesia
https://t.co/F5wOMvSMgI",
2025-06-11T02:08:18.000Z,CNNIndonesia,Menteri Agama RI Minta Maaf Atas Segala Kendala Ibadah Haji 2025 https://t.co/1K6hSCqWfD,
2025-03-24T04:28:20.000Z,CNNIndonesia,"22 Kasus Kekerasan Jurnalis di 2025, AJI Soroti Budaya Impunitas https://t.co/PiN0PiPvyG",
2025-10-11T09:09:10.000Z,CNNIndonesia,Pimpinan DPR Tegaskan Tak Ada Kenaikan Dana Reses Oktober 2025 https://t.co/pqmyvspYlP,
2025-02-10T04:01:52.000Z,CNNIndonesia,Daftar Sasaran dan Titik Lokasi Operasi Keselamatan Jaya 2025 https://t.co/knNgBu9xbj,
2026-03-05T12:23:08.000Z,CNNIndonesia,3.016 Warga di Sumut Masih Mengungsi Usai Banjir November 2025 https://t.co/qualYPDo6C,
2026-01-14T09:14:16.000Z,CNNIndonesia,"Gibran Pantau Program MBG di Wamena, Siswa Dapat Makan Rendang https://t.co/C4XSPSF9Cz",
2025-10-27T11:11:50.000Z,CNNIndonesia,Pramono Usul Proyek RS di Lahan Sumber Waras Masuk Program PSN https://t.co/4PeX1ldQSF,
2025-10-15T15:22:44.000Z,CNNIndonesia,VIDEO: Magang Nasional 2025 Pikat 100 Ribu Pendaftar https://t.co/OxXYPCvlmM,
2025-06-22T12:38:41.000Z,CNNIndonesia,Daftar Agenda HUT ke-498 Jakarta hingga Juli-Agustus 2025 https://t.co/edQILwlpgL,
2024-07-02T02:01:51.000Z,CNNIndonesia,"Kaesang Bisa Ikut Pilgub 2024, Usia Sudah 30 Tahun pada 1 Januari 2025 https://t.co/dndkdHw4Sh",
2025-12-24T17:00:49.000Z,CNNIndonesia,Ada 151 Anak Binaan Terima Remisi Natal 2025 https://t.co/kLChlDwzCn,
2024-07-26T06:52:06.000Z,CNNIndonesia,Gibran Ingin Libatkan Orang Tua Murid di Program Makan Bergizi Gratis https://t.co/stEg83XMvh,
2025-03-12T10:53:09.000Z,CNNIndonesia,"Pramono: Program Sarapan Pagi Gratis Diganti Renovasi Kantin Sekolah
https://t.co/0J9tUg6HAi",
2024-04-02T08:57:45.000Z,CNNIndonesia,"Gibran Mau Tiru Program Makan Siang Gratis India, Per Anak 11 Sen USD 
https://t.co/UNkuVkSOuS",
2025-10-30T05:46:43.000Z,CNNIndonesia,Pemkab Jember Hidupkan Ekonomi Rakyat Lewat Festival Sapi Jatim 2025 https://t.co/mpjnwEh5J9,
2025-01-23T12:52:45.000Z,CNNIndonesia,Kadispendik soal Program Tidur Siang di SMP Surabaya: Masih Uji Coba https://t.co/WXY8VPiM4h,
2024-10-29T10:11:34.000Z,CNNIndonesia,Hasto Soal Elektabilitas Risma-Gus Hans Naik: Berkat Program Unggulan #Ad https://t.co/J572jyXi6u,
2024-08-31T10:48:12.000Z,CNNIndonesia,Sulbar Terapkan Program Makan Siang di Setiap Sekolah 6 Kabupaten https://t.co/MsjLJlMd2w,
2024-12-03T17:00:38.000Z,CNNIndonesia,"RDP Perdana, Komisi VI Beri Lampu Hijau Program Energi Pertamina 2025 #Ad https://t.co/vcOoQznek4",
2025-03-01T15:58:09.000Z,CNNIndonesia,FOTO: Buka Puasa Bersama di Masjid Istiqlal Sepanjang Ramadan 2025 https://t.co/Tgq4JTMREp,
2024-03-19T11:09:26.000Z,CNNIndonesia,"Gibran Sebut Makan Siang Gratis Masuk Program 100 Hari Pertama 
https://t.co/RgoHRMawrD",
2024-03-25T10:49:56.000Z,CNNIndonesia,"35.556 Warga RI Terjangkit DBD, Vaksinasi Belum Jadi Program Nasional
https://t.co/GzPYTp0zYb",
2025-12-29T02:37:11.000Z,CNNIndonesia,"FOTO: Negara Terima Rp6,6 T dari Satgas PKH hingga Suasana Natal 2025 https://t.co/fDttDO72aX",
2025-04-13T17:30:24.000Z,CNNIndonesia,"Dimulai 2025, Gedung Sekolah Rakyat Kota Probolinggo Gunakan Rusun #Ad https://t.co/gzVSWg80Nf",
2025-10-12T10:33:53.000Z,CNNIndonesia,"Magang Nasional Dimulai 20 Oktober, 20 Ribu Peserta Dapat Gaji UMP https://t.co/3hZIKUH9k3",
2024-06-26T12:26:51.000Z,worksfess,work! guys kalau ikut pelatihan gratis di skillhub siapkerja itu offline ya? trs itu jadwalnya gmn? apakah menyesuaikan dgn lembaganya? ngga bisa disambi kerja ya guys? trs kira2 benefitnya apa aja? dpt sertif kah? dpt gaji kah? maaf aku kurang ngerti pls enlighten me thank you,
2025-06-05T07:40:16.000Z,worksfess,work! ada yg pernah daftar akun di SiapKerja? ini cara isi nilainya gimana ya? mau taruh ipk juga ga ada koma atau titik https://t.co/HYTEuzD32c,
2025-11-10T12:10:11.000Z,worksfess,work! akun siapkerja buat daftar magang kalian dikasih profile picture atau ngga??,
2025-11-12T04:30:08.000Z,worksfess,ada gak yg data di maganghubnya gabisa disinkronkan sama data di siapkerja? itu baiknya gimana ya?😭 work!,
2025-02-18T00:45:09.000Z,worksfess,"Mau nanya, insentif SIAPKERJA ada ga kek pra kerja? trs siapkerja &amp; pra kerja itu beda? aku udah ikut pra kerja sih work!",
2025-11-26T08:20:06.000Z,worksfess,"hai guys yg kemarin lolos maganghub, boleh minta tipsnya mending nulis bagian cv di siapkerja pake bahasa indo apa inggris ya? sender lulusan sasing work!",
2024-02-15T12:25:02.000Z,worksfess,Work! Bagian nilai di web siapkerja kemnaker itu gabisa pake titik atau koma kah? Terus penulisan ipknya gimana? Makasih banyak sebelumnya https://t.co/08VSgYJFFx,
2025-10-16T00:55:07.000Z,worksfess,"Guys, yang daftar di maganghub siapkerja itu, kalian ga ada upload file cv pribadi kan ya? Cuma isi di webnya manual itu kan ya? work!",
2025-10-10T04:35:10.000Z,worksfess,"Siapkerja udh kuisi pengalaman kerja, tpi di Maganghub sinkron data gk bisa muncul tuh knp ya? Ada yg gini juga? 
Sbnrnya profil kita nnti dilihat recruter dri siapkerja/maganghub sih?😭 ini sinkron di maganghub gagal mulu pdhl di siapkerja udh isi lengkap datanya Work! https://t.co/Zk6Mjvyzjo",
2024-07-02T00:52:08.000Z,AfraSpace,"Sebelumnya bikin akun siapkerja dulu
https://t.co/boBjpkXo8F",
2025-05-16T05:40:11.000Z,worksfess,"gais, cara ngisi nilai ipk di siapkerja kemnaker gimana yaa.. misalnya ipk 3.2 diisinya 3 aja ato 32? soalnya cuma bisa diisi angka, gak bisa diisi pake koma dan titik work! https://t.co/r5ysFxXBOn",
2025-11-10T01:58:25.000Z,KampusUpdate,"📢 [ PROGRAM MAGANG KEMNAKER X POSIND - BATCH 2]

Kabar gembira! PosIND kembali bekerja sama dengan Kementerian Ketenagakerjaan RI melalui MagangHub dan SIAPkerja untuk membuka Program Magang Batch 2 bagi kamu para fresh graduate yang ingin menambah pengalaman profesional selama https://t.co/TzRvDE4f3C",
2024-07-02T00:52:29.000Z,AfraSpace,"Kalau udah punya akun siapkerja, cek aja di bagian ""aktivitasku"" nanti keliatan pelatihan yg available kalau diklik bakalan dialihkan ke web skillhub.
Atau langsung ke web skillhub aja nnti cari pelatihan bisa filter berdasarkan kategori atau langsung pake kota kalian https://t.co/vy6Q60RDXk",
2026-01-22T01:30:24.000Z,KemnakerRI,"Siap naik level karier?

Semua layanan ketenagakerjaan terintegrasi di SIAPkerja. Mulai dari pelatihan, sertifikasi, sampai peluang kerja—tinggal klik, sesuaikan kebutuhan. Rekan sudah coba fitur yang mana hari ini? https://t.co/IRVnFoc0Vz",
2024-09-23T16:50:10.000Z,sbyfess,"-rek buat para pencari kerja..., nih ada acara di Grand City 2Hari. Syaratnya daftar akun siapkerja. Lebih jelasnya kepoin IG naker_jatim

Semoga berhasil https://t.co/rq09SijGqy",
2025-10-06T07:20:11.000Z,worksfess,Work! Ada yg baru mau bikin akun siapkerja ga? Ini knp NIK ku udh ke daftar ya? Pdhl aku blm pernah daftar sama sekali. Solusinya gmn ini tolongin aku guys🥺🥺🙏🏻 Tia https://t.co/4X6rCE7Gh7,
2024-09-17T10:25:27.000Z,KemnakerRI,"Mau tahu cara mudah akses layanan ketenagakerjaan?

Simak episode Nanya Kerjaan tentang aplikasi SIAPKerja! Dari pusat hingga daerah, layanan publik makin terintegrasi dan modern. Penasaran

 Jangan lewatkan insight penting untukmu!

https://t.co/HPFB6DdzGQ",
2025-11-24T06:35:04.000Z,yappingfess,"siapa yg bisa review CV akuu??? ataupun review profil siapkerja aku, udh cape ditolak ges huhu mau lolos maganghub batch 3 yap!",
2026-05-25T03:19:17.000Z,OposisiCerdas,Tata Cara Pendaftaran Pelatihan Vokasi Nasional 2026 Batch 2 melalui SIAPkerja dan Skillhub Kemnaker https://t.co/5b583k8Yzk,
2025-11-20T01:32:48.000Z,xbbyynnn,"guys yg ikut magang hub batch 2 terus daftar di InJourney udah ada pengumuman belum sih???

#MagangHub #Kemnaker #SiapKerja",
2025-08-21T04:12:39.000Z,luki_video,SIAPkerja merupakan program dan aplikasi dari Kementerian Ketenagakerjaan (Kemnaker) yang dikembangkan untuk menyatukan berbagai layanan ketenagakerjaan dalam satu sistem terpadu. Link dibawah 👇 https://t.co/zc72LNxaUQ,
2025-10-09T03:35:17.000Z,hrdbacot,Gimana? Udh akses website SIAPKerja?? Lancar?,
2026-05-25T03:18:55.000Z,anggunsafitriz,Tata Cara Pendaftaran Pelatihan Vokasi Nasional 2026 Batch 2 melalui SIAPkerja dan Skillhub Kemnaker https://t.co/dGH2CobdWN,
2026-05-09T09:39:02.000Z,99propaganda,"Bantuan Tenaga Kerja Mandiri (TKM) Pemula 2026 resmi dibuka 7-17 Mei 2026 melalui portal https://t.co/OcpAAbLuHK. Program ini memberikan bantuan modal stimulan senilai Rp.5 juta bagi kelompok usaha pemula (minimal 5 orang).
Pendaftaran gratis dan wajib memiliki akun SIAPKerja. https://t.co/hTKduvqySl",
2025-06-13T11:21:33.000Z,_ATOMMMM_,"Hi! I’m ATOM (Altered Name)  — a fresh graduate in English Education with strong communication &amp; organizational skills.

Berpengalaman di bidang edukasi, pelayanan, dan organisasi, saya siap berkontribusi di dunia kerja — khususnya di bidang administratif, customer service, atau",
2025-10-01T08:02:48.000Z,hrdbacot,"Isinya adalah bansos magang ini diberikan kepada peserta magang dari lulusan Diploma atau Sarjana maksimal 1 tahun setelah tgl kelulusan yang tercatat di Ijazah (???) 

Peserta Magang (PM) harus teregistrasy di SIAPkerja untuk bisa menjadi calon peserta magangg

Nanti ada https://t.co/M7OgWDW4nM",
2025-07-29T14:25:00.000Z,detikcom,"Kemnaker memiliki program SIAPkerja yang menyediakan akses pelatihan hingga informasi lowongan kerja. Mau coba? Begini cara daftarnya!

Via @detik_edu  https://t.co/Pw4QCO2BN3",
2025-10-07T00:40:05.000Z,tanyakanrl,"💚 mau nanyaa, kalian yg rencananya Mau daftar program maganghub kemnaker nyantumin CV nya Mau CV bawaan Dari siapkerja nya atau CV kalian yg biasa?",
2025-10-06T10:00:30.000Z,kumparan,"Fresh graduate mana nih suaranya?

Pemerintah bakal luncurkan program magang nasional bagi lulusan perguruan tinggi sebagai bagian dari akselerasi penciptaan lapangan kerja pada 2025 ini. Buat kamu yang lolos program ini, nantinya bakal mendapat uang saku Rp 3,3 juta per bulan https://t.co/rWVfShOrzD",
2026-03-06T11:06:28.000Z,KemensetnegRI,"Pemerintah resmi meluncurkan Program Pelatihan Vokasi Nasional Tahun 2026 guna mendukung terwujudnya SDM Unggul 2045. Mengusung konsep link and match, program ini dirancang agar lulusannya memiliki keahlian yang relevan dan langsung memenuhi kebutuhan pasar kerja serta dunia https://t.co/MOTUlvwPon",
2025-05-17T03:30:00.000Z,KompasTV,"Akun Wajib Pencari Kerja, Ini Cara Daftar SIAPkerja Kemnaker

https://t.co/ujo6LorHjx",
2024-04-22T03:11:55.000Z,seaulee,"@wonpilaroid @momokzk_ @worksfess pakenya bukan prakerja kak, di website/aplikasi SIAPKERJA",
2024-02-05T10:45:10.000Z,kabargolkarnews,"Legislator Golkar Komisi IX DPR RI Pamerkan Keunggulan Aplikasi SiapKerja Dihadapan Masyarakat Sukabumi

https://t.co/Ye6BXixYEi",
2025-01-06T05:24:37.000Z,offwex,"@vitaminsour @worksfess biasanya di IGnya masing-masing BLK/BPVP masing-masing kota, kalau gak gitu download aplikasi SiapKerja.",
2025-10-09T13:44:44.000Z,chocoodinoo_,"manteman x yang ikut maganghub kemnaker adakah yang data pelatihan, pengalaman, sertifikasi, dll begini munculnya? padahal di Siapkerja udah diisi😔 https://t.co/WoYO9cgwiP",
2024-10-28T07:39:21.000Z,dekade_08,"Personalia Kabinet Merah-Putih sudah sampai di Jakarta dan esok hari Senin, siap langsung kerja nih.

#prabowo #gibran #kabinetmerahputih #menteri #wakilmenteri #senin #siapkerja #indonesiamaju #dekade08 #terusmajubersamaprabowo https://t.co/tbTDQqdYnU",
2026-03-31T10:55:15.000Z,worksfess,"work! yg ikut maganghub terutama yg di perusahaan swasta, gimana gess udah ada tawaran buat lanjut kartap or kontrak kah??",
2025-11-26T08:20:06.000Z,worksfess,"hai guys yg kemarin lolos maganghub, boleh minta tipsnya mending nulis bagian cv di siapkerja pake bahasa indo apa inggris ya? sender lulusan sasing work!",
2025-11-24T09:40:10.000Z,tanyakanrl,"💚 Buat yg keterima Maganghub batch 1 maupun batch 2 boleh spill tips and trick nya gaa biar loloss,jujur Udh dititik Pasrah buat ikut batch 3 nanti tapi pengen ngerasain Jg magang digaji UMR😔🥹 https://t.co/sG9DPHlRPq",
2025-12-24T10:30:59.000Z,worksfess,"CW // Gaji

work! gaji pertama ku sebagai fresh graduate. Alhamdulillah makasi maganghub😭✊🏼 https://t.co/OiqLKOLHXh",
2026-05-25T11:22:11.000Z,Kwitiaww,"sedih deh ini gaji maganghub trakhirku, yaallah semoga aku bisa survive dengan gaji munyil ini sampe aku dapet kerja lagi aamiin https://t.co/YaIF3dTJta",
2025-10-11T00:25:08.000Z,worksfess,"Work! Mau curhat pagi pagi agak sedih, aku nganggur 1 th lebih, coba daftar maganghub ya tentu ga memenuhi syarat. Katanya rezeki ada di banyak pintu, minta doanya ya bulan ini aku bisa keterima kerja apapun itu selagi halal, makasih semuaa",
2026-04-20T17:06:57.000Z,MenteriPekerja,"hah? jadi ada perusahaan yg ikutan daftar program maganghub tapi ga menerima peserta manapun?

bisa ngerugiin calon pemagang karena jumlah apply magang itu terbatas.

dari 206 kandidat yg diterima 0

ini lagi nunggu update perusahaan nama-nama perushaan buka magang tapu ga",
2025-10-13T09:15:10.000Z,worksfess,"Seleksi maganghub Kemenaker work! itu gimana deh? timelinenya mepet, kira-kira bakal ada perpanjangan dari perusahaan masing-masing buat seleksinya atau semua wajib on boarding tanggal 20 &amp; pake seleksi berkas aja ya 🤔🤔",
2025-12-10T03:04:07.000Z,worksfess,work! gw ikut maganghub batch 2 dan 3. nah batch 2 kemaren ga lolos karena statusnya terdaftar terus di website cekstatuspantauloker. skrg pas ikut batch 3 ada yang tulisannya diterima gini gw gatau perusahaan yg mana jir😭 mana website cek status itu dah gabisa diakses https://t.co/XJcKgETzBG,
2025-11-08T12:20:14.000Z,worksfess,"work! nekad daftar maganghub di big company bermodalkan 0 pengalaman &amp; keyakinan saja, yay / nay? https://t.co/LaxHye51WZ",
2026-01-06T09:30:14.000Z,worksfess,Work! Kek gini ini ga wajar kan? Maganghub yang lain apa gini juga ya? https://t.co/iB27EcuCpZ,
2026-05-27T03:58:43.000Z,vierooozuzezo,"Menurut gw maganghub ini cuma jd solusi jangka pendek yg bs nimbulin masalah baru. 

I mean, lu bisa ngasih gaji setara UMR tp opportunitynya sebatas intern di mana setelah 6 bulan jd pengangguran lgi &gt; problemnya jd kemana” (ekspektasi fg meningkat, persaingan makin kompetitif ~",
2026-04-06T10:05:07.000Z,worksfess,kalian yg rencananya mau daftar maganghub work! mei nanti sekarang kesibukannya apa? ada yg udh kerja fulltime atau apa?,
2025-12-12T02:35:05.000Z,tanyakanrl,💚 ketiga kalinya ga lolos maganghub💔,
2026-05-17T07:40:07.000Z,worksfess,"work! sender lulusan desember 2024, 2025 maganghub, 2026 baru dpt fulltime, sbnrnya yg magang itu pengalaman kerja atau pengalaman kerja baru diitung yg pas fulltime ini deh 🥲 soalnya sender maganghub udh kaya staff krjanya",
2025-11-25T12:55:14.000Z,worksfess,sharing pliss pengen keterima batch 3 maganghub 🥹 work! https://t.co/xJntuAQWp7,
2025-12-27T07:00:08.000Z,worksfess,"Work! Jadi kan sender keterima MagangHub dan dapat gaji. Kalau sudah dapat gaji, berarti sender harus bayar zakat, kan? Kalian biasanya bayar zakat di mana ya? Soalnya ini baru pertama kali sender ngalamin hal kayak gini",
2026-01-12T06:45:12.000Z,worksfess,"work! sender skrg lagi magang (maganghub kemnaker) di salah satu kementerian cabang, terus ditawarin lanjut outsourcing kontrak 2 tahun, tp kalo outsourcing itu katanya gaada jenjang karirnya ya? mohon masukannya kakak kakak yang lebih berpengalaman🙏🏻 https://t.co/NMLSi2Q5R3",
2025-10-23T05:35:14.000Z,worksfess,"CW // GAJI

HELP Work! Jd aku ikut maganghub &amp; udh apply kerja, sama2 lolos. yg magang itu sempet digantung gak jelas, akhirnya baru dikasih tau hr ini kl beneran lolos &amp; aku tuh udh ditahap OL kmrn di tmpt kerja lainnya https://t.co/YIadFtwZ5z",
2026-05-26T08:40:09.000Z,areumdouceur,"Aku alumni maganghub jg, tbh aku harap ini program di-eval dan dikaji lagi sama Kemnaker. 

Memang kami digaji UMR yg bare minimum perusahaan lakukan. Namun, dgn adanya maganghub ini, justru aku makin takut susah dapet kerja karena 1st ever pain job aku udh UMR gajinya.",
2026-03-26T06:00:11.000Z,worksfess,"work! info loker, maganghub batch 1 udh mau selesai :(",
2025-11-12T13:40:08.000Z,worksfess,"Sender anak maganghub, smua pekerjaan kantor dilimpahkan ke anak magang 3 orang ini, punya atasan bahasanya ga mencerminkan dia s2 dan dosen praktisi, kami disuruh bersih-bersih ruangan dia datang selalu terlambat, btw gada OB. work! Bisa lapor ga sih?",
2025-10-24T02:55:09.000Z,worksfess,"work! tbh maganghub ini bagus buat fg yg masih minim pengalamannya, tapi di satu sisi loker fulltime buat fg jadi sepi bgt gak sih??? secarakan maganghub ini dibiayain pemerintah pasti perusahaan jadi lebih ngelirik magang ini, menurut kalian gimana? yuk diskusi",
2025-10-08T05:40:11.000Z,worksfess,"Work! Aku fg yg menaruh harapan ke program maganghub kemnaker tapi kenyatannya.... web susah diakses, sekalinya bisa malah login ke akun orang, bener bener negara open source😃 emang paling bener gausah naruh harapan ke program pemerintahan yg gedebag gedebug gini",
2025-12-11T11:05:09.000Z,worksfess,"Work! CW / nganggur

Kata orang2 “gapapa abisin dulu semua stock gagalnya” nyatanya stock gagal aku ga abis-abis, maganghub selalu gagal, apply sana sini pun gagal juga, akhir taun ditutup dengan ganggur, apa aku seburuk itu buat dapet kerja ya? 🥲",
2025-11-05T04:20:10.000Z,worksfess,Work! Buat yg kemarin lolos maganghub batch 1 spill dong tips &amp; trick nya biar lolos jugaa Di batch 2 besok😔🙏,
2025-11-24T08:55:06.000Z,worksfess,"work! kayaknya anak lulusan baru2 ini enak bgt yaa. pas masih kuliah kemarin bisa ikut magang kampus merdeka, pas udah lulus bisa ikut maganghub &amp; digaji sesuai UMK. jamanku dulu baru ada kampus merdeka, itupun aku harus nunda lulus buat ikutan.",
2025-10-10T02:45:09.000Z,worksfess,"ak fg wisuda bulan kmrn,  udh dapet 4x offering work! fulltime tp ak tolak krn beberapa alasan. ak udh daftar maganghub tp bingung mau apply magang / engga krn pernah tembus fulltime. minta saran mending fokus apply fulltime atau nyoba magang lg di perush gde?",
2025-10-10T04:35:10.000Z,worksfess,"Siapkerja udh kuisi pengalaman kerja, tpi di Maganghub sinkron data gk bisa muncul tuh knp ya? Ada yg gini juga? 
Sbnrnya profil kita nnti dilihat recruter dri siapkerja/maganghub sih?😭 ini sinkron di maganghub gagal mulu pdhl di siapkerja udh isi lengkap datanya Work! https://t.co/Zk6Mjvyzjo",
2025-11-03T12:30:13.000Z,worksfess,"Sender salah satu anak maganghub. Kan ada 3 anak maganghub ya di mitra ini, kita sama sekali gak dapet fasilitas apapun, cm wifi doank, bahkan hp sosmed content creator pun pake hp pribadi, air galon pun gak dikasih😭😭 work!",
2025-10-20T10:05:14.000Z,worksfess,"gimana guys kalian yg day 1 work! via maganghub ?? spill dong gimana ? 
dari aku yang di webnya merah :"") aka gk lolos huhu https://t.co/RqeMoxOxX4",
2025-11-25T06:10:15.000Z,worksfess,ALHAMDULILLAH BATCH 3 MAGANGHUB BUKA LG (walaupun cuma 3 hari pendaftaran)  IZINKAN AKU LOLOS UTK KALI INI YAALLAHH😭😭😭😭😭 work!,
2025-12-05T05:15:07.000Z,worksfess,aku mau ikut maganghub dan kalo keterima (aamiin) bakal resign dari kerjaan sekarang karena kurang nyaman eh malah aku liat perusahaanku di web lowongan maganghub 😭 work!,
2025-10-24T01:00:57.000Z,worksfess,"Work! Please yakinin Aku buat ikut maganghub batch 2,jujur trauma gara2 ga dilirik samsek Di batch 1😔💔",
2025-10-19T08:40:12.000Z,worksfess,Work! Ada yg sama gaa maganghub-nya diterima di PT ini?? bikin grupnya yuk guyss lagi nyari temen inii!! 🤩 https://t.co/F1SA3mmN4M,
2026-04-07T01:10:06.000Z,worksfess,"work! sender lg proses pengunduran diri dr magang udh seminggu yg lalu tp ga beres2, dipersulit dan penuh drama bgt, udh dikatain dan dianc*m jg, trs tbtb di chat kek gini, kira2 pernyataan apa ya? btw sender maganghub ya.. https://t.co/1fjCSPQAWT",
2025-10-17T03:15:13.000Z,worksfess,"Kamu blum sempat daftar Maganghub batch 1 ? 

Tenang aja bulan depan ada Maganghub batch 2 dan KUOTANYA 80.000 orang 🔥😭 work! https://t.co/m5hqDQOP7x",
2025-10-05T03:10:12.000Z,worksfess,"aku daftar maganghub lalu kemaren aku cek aku memenuhi syarat nah sekarang pas aku cek malah ga memenuhi syarat, ada yg samaan gak? work! btw aku lulus agustus 2024 https://t.co/NE4GLVoNXl",
2025-11-24T10:45:07.000Z,worksfess,"work! day 1 maganghub, aku sudah diberi tugas proposal dan projek dlm 1 minggu 😭 kalian gimana?",
2026-04-07T09:30:10.000Z,worksfess,Work! Maganghub kemnaker tuh emang ga ada maksimal umur ya?,
2026-04-05T12:35:36.000Z,undipmfs3,disini ada yang udah pernah lolos maganghub? mau tanya tanya dong -dips!,
2026-05-26T13:10:02.000Z,Txtdariiugm,"Coba yang ikut maganghub dan dapet gaji seginian, ekspektasi salary di first job after magang kalian berapa?",
2025-12-07T10:20:08.000Z,worksfess,"work! wta program rekrutmen selain maganghub sama ojk, ada yang lain lagi gak yaaa? sender mau coba ikut yang lain karna gak memenuhi syarat yang maganghub, makasiiii",
2025-10-17T09:25:13.000Z,worksfess,WORK! yg daftar maganghub kemnaker tuh udah pada proses seleksi belum sih? kok aku blm samsek ya😭,
2026-04-13T05:37:06.000Z,mesatu_,"Gileee, 30 ribu lebih peserta magang Kemnaker ngadu! 😱

Ini sekitar 30% dari total 102 ribu anak magang nasional di 2025. Chaos banget kan?!

Bukan cuma pungli atau pemotongan uang saku. Banyak fresh graduate kesal parah sama overwork, jobdesc gak nyambung, sampai aturan WFH/WFA",
2025-12-25T03:57:38.000Z,rfpramsw,"Kita lihat maganghub sampe batch berapa ini karena semuanya bergantung sama ✨APBN✨

MSIB aja yg dari APBN ga bertahan lama padahal gajinya 2.8 flat (cmiiw), apalagi maganghub ini sesuai UMP/UMK yg beda2…",
2025-11-28T07:08:09.000Z,worksfess,"work! Guysss merapaatt pejuang maganghub kemnaker batch 3 dikit lagi dibukaa, trs nemu webinar GRATISSS buat kita🥺🥺😭 https://t.co/Ui9AvOWEpb",
2025-10-18T07:20:09.000Z,worksfess,"ga berhenti nangisin maganghub... aku ga lolos plis sedih banget 😞 siapapun yang punya loker kasih aku, pengen banget kerja buat bantu bayar utang ortu. aku fg jurusan sasing, info loker yg non pengalaman tolong... aku mau kerja jadi apa aja work!",
2025-11-24T09:10:11.000Z,worksfess,"Buat yg keterima work! Maganghub batch 1 maupun batch 2 boleh spill tips and trick nya gaa biar loloss,jujur Udh dititik Pasrah buat ikut batch 3 nanti tapi pengen ngerasain Jg magang digaji UMR😔🥹 https://t.co/0HFRSycDGV",
2025-12-03T12:25:14.000Z,worksfess,Bagi yang pernah dah lulus Maganghub dan CPNS. Boleh kasih tips dong kiat lulus nya supaya berhasil itu gimana sih ? Terimakasih 🙏 work! https://t.co/hY4Gqt17tV,
2026-05-08T23:21:41.000Z,KampusUpdate,Alumni peserta MagangHub Batch 1 jangan lupa daftar sertifikasi BNSP Gratis yang diadain kemnaker ya 🤩 https://t.co/49DwnLUGfk,
2025-11-26T11:11:26.000Z,collegemfs,"[cm] kmrn aku daftar maganghub, tapi kemaren tuh HR nya baru hubungin buat interview, jd seleksinya di luar timeline. Pas aku tanya, HR nya bilang jdinya ini di luar maganghub gitu. Di webnya pun aku resminya ga diterima gini. Mending lanjut/ga ya? Jujur takut 🙏 https://t.co/wz8gQS4X56",
2025-11-22T00:15:05.000Z,tanyakanrl,"TW // HOPELESS
💚 Maganghub dari batch 1 &amp;2 aja ketolak apalagi fulltime,dahlah nyerah Aja💔",
2025-12-03T08:27:34.000Z,streller101,"Halo gais, jadi aku baru aja bikin website namanya https://t.co/MYlXBkLPoa. Awalnya sih karena ngeliat website maganghub kemnaker kok kayak kurang enak dilihat gitu ya. Akhirnya aku inisiatif buat bikin versi aku sendiri yang lebih enak dilihat dan responsif. https://t.co/ou3dCz0LGT",
2025-10-07T13:55:15.000Z,worksfess,"work! halo guys
buat kalian yg butuh informasi update tentang Maganghub kemnaker bisa cek di channel ini ajaaa

btw udah pada berhasil register? https://t.co/ibkSF4tnQv",
2025-11-24T01:00:08.000Z,tanyakanrl,"💚 Udh pesimis Dpt kerja apalagi kmrn Ada statement yg lolos maganghub Dpt poin (+) buat tes CPNS, berarti Aku yg gk lolos dari batch 1 gaada kesempatan hehe.. https://t.co/4136KD73qP",
2026-05-27T04:23:06.000Z,nararkive,"Buat yang ngomong ""alumni Maganghub ga bersyukur"" ""bersyukur dapet uang saku setara UMR."" Di tweet kakaknya ini, lu paham ga sih job market Indo tuh lagi fucked up banget? 

Program maganghub ini actually bagus, but ngerinya adalah perusahaan gamau rekrut organic employee",
2025-11-18T14:30:07.000Z,tanyakanrl,"💚 temen-temen yang baik, doain aku lolos maganghub kemnaker batch 2 ya. naro harapan banget, pengen kerja (magang) bulan ini, katanya doa dari 40 orang akan terkabul, aamiin ya allahh😭 makasih semuanya (titip4n)",
2026-02-14T11:22:29.000Z,CNNIndonesia,Pemerintah Akan Naikkan Uang Jajan Peserta Maganghub https://t.co/sdlr7DSBXC,
2026-01-04T13:40:10.000Z,worksfess,"work! seharusnya program maganghub ini dinamai kontrak, bukan magang😭😩 krn jobdesknya seambrek ambrek, dan tekanannya masya allah🥲",
2026-04-07T11:09:41.000Z,unicefess,#NAME?,
2025-11-24T05:49:39.000Z,yappingfess,ALHAMDULILLAH YAALLAHH BATCH 3 MAGANGHUB BUKA LG (walaupun cuma 3 hari pendaftaran) TAPI IZINKAN AKU LOLOS UTK KALI INI YAALLAHH😭😭😭😭😭 yap!,
2026-05-27T13:38:40.000Z,serigalc,"selama maganghub ini gajinya dari pemerintah dan gaada campur tangan company, tentu ya jd aji mumpung buat comp. Company jd mikir “ngapain nyak gueh rekrut karyawan, cost nambah, mending daptarin aja kali ye di program magangnya pemerintah toh dr perusahaan ga keluarin gajih”",
2025-10-24T03:44:18.000Z,hrdbacot,Anak maganghub it is you?,
2026-04-12T12:50:36.000Z,mesatu_,"Ada dugaan pungli terhadap peserta magang nasional Kemnaker.

Siang tadi gue langsung WA Menaker Yassierli, eh malam ini muncul @Maganghub. Gue coba verifikasi apakah akun tersebut asli?

Barusan dapat informasi dari Dirjen Binalavotas Darmawansyah yang menyatakan akun X https://t.co/4Dipp1jEc7",
2025-11-17T02:40:07.000Z,worksfess,"Seleksi maganghub, udah mau interview. Sender mixed feeling banget, pengen keterima karna pengen kerja, tp kalo keterima bakal gedebag-gedebug banget nyari kos sm pindahan. Siapapun yg bikin timeline maganghub bener2 kurang ajar 😭
Work!",
2026-04-19T13:50:08.000Z,UGM_FESS,"gais, sender lagi ikut maganghub terus alhamdulillah bakal dilanjut jadi kartap. nanti pas magangnya selesai menurut kalian too much ga ya kl sender kasih gift buat mentor sama staff sedivisi? soalnya sender bakal ttp di situ kan, jadi bingung hshs ugm_fess",
2025-10-20T10:35:20.000Z,nabiylarisfa,Salah satu evaluasi program MagangHub ini harusnya: berapa persen peserta magang yang mendapatkan pekerjaan setelah selesai program magang?,
2025-11-25T12:45:50.000Z,hrdbacot,"Kaget, ku kira anak intern maganghub…",
2025-12-26T11:40:12.000Z,worksfess,"CW // GAJI , TABUNGAN

Alhamdulillah karena maganghub ini akhirnya aku bisa ngasih ke ortu, tapi kira-kira alokasi makanku berlebihan gak ya? + Mungkin ini bisa jadi referensi buat temen² perantau yg maganghub di Jkt juga work! https://t.co/64KAdqeatW",
2025-10-14T09:35:06.000Z,tanyakanrl,"tanyarl 💚 temen temen yang baik, doain aku keterima maganghub kemnaker batch sekarang ya. naro harapan banget disana, udah bingung harus kemana lagi sana sini ditolak huhuu. katanya doa dari 40 orang akan terkabul, aamiin ya allahh. makasih semuanya",
2025-10-28T06:58:31.000Z,hrdbacot,Via maganghub mana murz???,
2026-05-27T16:49:13.000Z,MatchaLee03,"Yuyur sedih
Maganghub bisa dpt gaji sesuai umr daerah. Selesai maganghub masih hidup

Meanwhile anak² kedokteran, punya ""maganghub"" juga yg wajib, namanya iship
Udh lah gaji flat 3jt dipotong, taruhannya nyawa, dan udha merenggut 4 nyawa:(",
2025-12-07T02:30:09.000Z,tanyarlfes,"💚 demi allah gimana cara batalin daftar asn, gara gara itu nik ku terpakai jadi gabisa apply di maganghub alias jadi ga memenuhi syarat 😭😭😭 plis tolongin https://t.co/6OkfVgOjqk",
2025-11-03T10:47:42.000Z,hrdbacot,"Habis dengerin sosilisasi @KemnakerRI buat maganghub keliatan banget bergantung sama BUMN.

apakah tercapai 80.000 penyerapan anak magang batch 2 ini???

Sosialisasi ke perusahaan swastanya kurang banget, kalah banget sama MSIB yang ngejar-ngejar perusahaan swasta untuk",
2025-10-18T12:33:34.000Z,hrdbacot,"#DariDM gokil ya. Pdhl perusahaan ga keluar uang untuk menggaji peserta yang diterima dari maganghub. 

Efek dibayarin Pemerintah jadi dipake beberapa oknum buat mencari keuntungan. Kemarin lowongan di perusahaan pialang, buka magang untuk pekerja laundry. Pekerja laundry https://t.co/nFEI1M6RSq",
2026-01-19T13:17:25.000Z,duaduapertujuhk,"Kalo nemu org stress, marah-marah, biarin aja
Itu mungkin peserta maganghub batch 3 nunggu gaji cair",
2025-10-08T00:49:48.000Z,yellyheart_,"Emg ga perna berharap bnyk sama web pemerintah, tpi ini maganghub aneh bgt dah.

Literally pas buka web, gue tba2 masuk ke akun orang yg ga gue kenal. Iya, data pribadinya terpampang jelas jga. Serem bangett??? https://t.co/ftYaS96Fdd",
2025-11-19T12:34:34.000Z,lalala1007bluu,"kerjaan gw:
1. cek email
2. buka linkedin nyari lowongan
3. kirim email lamaran
4. buka tele, cek grup maganghub
5. cek web maganghub, pantauloker, dan pantau status
6. buka glints
7. buka jobstreet
8. buka dealls
9. buka ig dan twt yg berakhir nyari lowongan lagi

AND REPEAT",
2025-12-11T06:05:05.000Z,tanyarlfes,"Ceritain perjuangan kalian sampai Nemu pekerjaan sekarang dong. Aku bingung harus apa lagi ya, sedih banget habis ditolak maganghub, ga lolos ppg😔 mana umur udah ¼ abad 💚 makasih",
2025-11-05T04:40:16.000Z,hrdbacot,"Pantes aja, temen gue yang usaha micro/kecil dapet email dari @KemnakerRI via @BPJSTKinfo buat buka loker di maganghub.

wong targetnya masih jauh, target 80K loker, sekarang masih dibawah 10K.

Ngeblast email jauh lebih bener sih daripada gerakin buzzer gini.

Kemarin pas https://t.co/O05XxzbpMg",
2025-11-14T11:30:06.000Z,hrdbacot,"Hari terakhir daftar maganghub batch 2, apa keluh kesahnya gaes???",
2025-10-16T13:06:34.000Z,hrdbacot,"Gimana para peserta dan rekan HR mitra perusahaan yang ngurusin ”19 juta lapangan kerja via maganghub”, drop keluh kesahnya di reply ink",
2025-10-27T08:47:30.000Z,hrdbacot,"Danantara gak buka magang via maganghub?

Kalo adapun, Tapi kayanya requirements nya Lulusan S2 Luar Negeri Top-Top aja, 

ngeri-ngeri background pendidikan dan pengalaman kerjanya, apakah ini yang dinamakan ”Linkedin Anxiety”",
2025-10-17T18:01:55.000Z,hrdbacot,Anjirlah ini portal maganghub aneh banget,
2025-10-20T05:41:56.000Z,hrdbacot,"MagangHub:
- HR nya pusing
- anak magangnya juga pusing

Pak wakil bisa take credit ”19 juta lapangan kerja” bisa jadi modal 2029,

padahal ini bansos berkedok magang, sama kaya prakerja, berati apa? 

Yak duit pajak kita, bukan jadi di framing jadi ”lagu terimakasih pak wakil,",
2025-10-20T08:41:22.000Z,bbleury,knp msib yg kmrn ga dilanjutin? apa bedanya maganghub sama msib dah? suka bgt bikin program beda2 yg tujuannya sama,
2025-12-05T07:28:37.000Z,chiimonsgf,"Hi! aku mau giveaway kecil2an dan sekalian jum’at berkah juga hehe🙂‍↕️ ada 40.000 saldo buat 2 orang💘

• RT &amp; LIKE tweet ini
• REPLY doa baik dan semoga aku bisa lolos maganghub batch 3 (aamiin)

end : besok malam!💫 thank you!

#zonauang #zonajajan #giveaway",
2025-12-10T04:05:06.000Z,worksfess,"Work! Angkatan 20 yang lulus awal bulan sampe pertengahan 2024 apa kabar? Udah pd dapet kerja? Atau pada masih nyari kerja kayak sender? Tahun depan gelarnya udah gak fresh graduate lagi nih. Sender nyesel lulus cepet2, jd gak bs join maganghub 😭😔",
2026-04-26T01:00:00.000Z,SINDOnews,"Kementerian Ketenagakerjaan resmi menutup Program Pemagangan Nasional Batch I periode Oktober 2025–April 2026 yang diikuti 16.112 peserta. Menaker Yassierli berpesan agar para alumni segera melakukan uji kompetensi untuk mendapatkan sertifikat BNSP secara gratis.

Baca https://t.co/zpvgaHpl2o",
2025-11-22T03:29:29.000Z,daffafahrz,"Kl dipikir2 beruntung jg ya angkatan 21, sbelum lulus ada msib, stelah lulus ada magangkemnaker. Smoga sustain smpe angkatan2 bawah deh. Ksian jg soalnya ngkatan 22 kemaren...",
2025-10-07T07:38:37.000Z,duniakampusidn,"Yuk siapin diri kalian buat jadi satu dari 20 ribu peserta dari seluruh Indonesia! Langsung cek link pendaftarannya sekarang ya!🤩

#mahasiswaindonesia #duniakampus #duniakampusindo #duniakampusindonesia #mahasiswaakhir #freshgraduate #infoloker #infomagang #magangkemnaker https://t.co/cSZ6b2V2pX",
2026-01-20T07:15:31.000Z,fluffyyunicoorn,MOGOK KERJA KALO GA DIBAYAR @KemnakerRI #MagangKemnaker #MagangHub,
2025-12-10T04:43:10.000Z,geea_is_jiaaa,"Ni serius magang kemnaker batch 3 g nerima aku?? rugi plzzz, pdhl ak serba bisaa lohh😭☝🏻
#kemnaker #maganghub #magangkemnaker",
2025-12-12T16:40:51.000Z,abangabilll,ada yang keterima dan status kelengkapannya seperti ini? selain menunggu apa yang bisa aku lakuin yak kawann #maganghub #magangkemnaker maganghub batch 3 https://t.co/t8zUIMyTAe,
2025-11-06T05:01:30.000Z,nabjaah,ada yg akun maganghub nya kmrn merah sekarang udah ijo belum? lmk guys siapa tau ada solusi sharing yuu🥹 #kemnaker #maganghub #magangkemnaker,
2025-12-09T04:08:43.000Z,pinkygummm,adakah yg udh dpt email undangan interview maganghub posisi procurement intern di bsi? #magangkemnaker #maganghub,
2025-10-08T03:34:15.000Z,Metro_TV,"Menteri Ketenagakerjaan (Menaker), Yassierli mengatakan calon peserta magang dapat memilih lowongan di perusahaan mana saja hingga 12 Oktober 2025. Setiap calon peserta juga dipersilakan memilih maksimal tiga alternatif tempat magang yang diinginkan.

#MagangKemnaker https://t.co/AHgrblcOWb",
2025-10-14T09:23:53.000Z,pelindotpk,"Halo #Portizen
Program Magang Nasional @KemnakerRI x @pelindotpk telah dibuka!

Kesempatan bagi kamu fresh graduate yang ingin mendapatkan pengalaman kerja nyata di industri kepelabuhanan.

Yuk buruan karena pendaftaran dibuka hingga 15 Oktober 2025 yang sudah bisa kamu lihat di https://t.co/OcA2ICoKgO",
2025-11-25T07:14:22.000Z,rutansigliaceh,"Rutan Kelas IIB Sigli menerima sebanyak 23 peserta magang nasional Kementerian Ketenagakerjaan (Kemenaker) Batch II Tahun 2025

#rutansigli #ditjenpasaceh #kemnaker #magangkemnaker https://t.co/BPRT975Kuu",
2025-10-15T15:22:44.000Z,CNNIndonesia,VIDEO: Magang Nasional 2025 Pikat 100 Ribu Pendaftar https://t.co/OxXYPCvlmM,
2025-08-25T08:08:04.000Z,CNNIndonesia,Daftar Lowongan Kerja Magang di BUMN Agustus 2025 https://t.co/Y7fui38hwr,
2025-10-15T04:41:00.000Z,tribunnews,"Hari Ini Batas Akhir Pendaftaran Magang Kemnaker 2025, Segera Daftar di Link Ini
 
https://t.co/N7e2cRAbup",
2025-10-07T05:37:34.000Z,serambinews,"Resmi Dibuka! Cek Cara Daftar &amp; Syarat Magang Kemnaker 2025, Dapat Gaji dan Tawarkan Banyak Manfaat

#MagangKemnaker2025 #SerambiIndonesia #Serambinews 

https://t.co/TTJZNVibWB",
2026-02-15T12:53:51.000Z,kumparan,Kementerian Ketenagakerjaan (Kemnaker) melakukan penyesuaian uang saku atau gaji peserta program magang nasional dengan kenaikan upah minimum 2026 sebagai bentuk komitmen pemerintah mendukung keberlangsungan program tersebut sekaligus meningkatkan kesejahteraan peserta. https://t.co/28elRwUUA1,
2025-12-01T13:38:18.000Z,antaranews,"Kemnaker menyatakan akan memperketat seleksi terhadap perusahaan penyelenggara Program Magang Nasional 2025 guna memastikan peserta memperoleh pengalaman magang yang berkualitas.

 https://t.co/ffLzUcIkXi",
2025-12-03T09:12:44.000Z,kemenkumlampung,"Kantor Wilayah Kementerian Hukum Lampung membuka peluang bagi para fresh graduate untuk bergabung dalam Program Magang Nasional bekerja sama dengan Kemnaker Tahun 2025

Catat!!
Pendaftaran: 4 - 7 Desember 2025
Daftar melalui: https://t.co/ibFGscsiuX https://t.co/NXoVvqPxXA",
2025-10-11T04:43:19.000Z,e100ss,"Kemnaker Perpanjang Masa Pendaftaran untuk Magang Nasional 2025
https://t.co/ueoCYhibZJ",
2025-11-25T07:14:22.000Z,rutansigliaceh,"Rutan Kelas IIB Sigli menerima sebanyak 23 peserta magang nasional Kementerian Ketenagakerjaan (Kemenaker) Batch II Tahun 2025

#rutansigli #ditjenpasaceh #kemnaker #magangkemnaker https://t.co/BPRT975Kuu",
2025-12-14T16:51:06.000Z,pristaaulia21,"Magang Hub Kemnaker Batch 3 2025
Bismillah yg🌷✨

Alhamdulillah, MasyaAllah Allahumma Baarik. https://t.co/QllTcxPFzT",
2026-04-13T05:37:06.000Z,mesatu_,"Gileee, 30 ribu lebih peserta magang Kemnaker ngadu! 😱

Ini sekitar 30% dari total 102 ribu anak magang nasional di 2025. Chaos banget kan?!

Bukan cuma pungli atau pemotongan uang saku. Banyak fresh graduate kesal parah sama overwork, jobdesc gak nyambung, sampai aturan WFH/WFA",
2026-04-11T15:16:29.000Z,vindikasi,"[Magang berbayar UMR]
Info penting untuk Mahasiswa Tingkat Akhir 
dan Fresh Graduate &lt;1 tahun.

Teman-teman mahasiswa yg hampir selesai, ayo segera selesaikan kuliahnya, karena dalam waktu dekat, selain CPNS, ada peluang lain untuk langsung bekerja setelah lulus yaitu Magang https://t.co/vd7nVyVXKT",
2025-10-24T05:15:00.000Z,TirtoID,"Gaji Magang Nasional 2025 Ikut UMP atau UMK? Ini Penjelasannya

https://t.co/Fn0hgdzqdv",
2025-11-04T03:33:01.000Z,FirzaHusain,"Program Magang Nasional merupakan salah satu inisiatif Presiden Prabowo dalam paket Stimulus Ekonomi Nasional 2025 yg dirancang untuk membantu lulusan baru memperoleh pengalaman kerja sekaligus menekan angka pengangguran.
Rafi pemuda dari Aceh diterima di program magang Presiden https://t.co/vUbXtA88ma",
2026-01-03T10:36:17.000Z,kompascom,Gaji Peserta Magang Nasional 2025 Belum Turun? Ini Penyebabnya https://t.co/JuE5eembdH https://t.co/alOMzMCWPQ,
2025-10-11T05:56:27.000Z,mediaindonesia,Pemerintah melalui Kementerian Ketenagakerjaan (Kemnaker) memperpanjang masa pendaftaran bagi perusahaan yang ingin berpartisipasi dalam Program Magang Nasional 2025 yang ditujukan bagi lulusan baru perguruan tinggi (fresh graduate). https://t.co/LRk0tPv8km,
2025-12-13T13:11:52.000Z,CNNIndonesia,Bupati Klaten Ikuti Rapurna TMMD Ke-46 Tahun 2025 di Mabesad Jakarta https://t.co/cXdrgfGL9w,
2026-01-13T03:01:59.000Z,cnbcindonesia,"Rapor Capaian Paket Ekonomi 2025: dari Magang Nasional sampai BLTS
https://t.co/JyziWFJgVe",
2025-11-04T09:14:51.000Z,CNNIndonesia,"Alarm KPAI: 25 Anak Bunuh Diri Sepanjang 2025
https://t.co/kzwY8kMsVe",
2025-11-24T09:45:15.000Z,CNNIndonesia,Bupati Klaten Minta OPD Percepat Penyelesaian Program 2025 https://t.co/C81xrWAP3n,
2025-04-17T00:16:02.000Z,KampusUpdate,"GENPI MAGANG 2025 BUKA PENDAFTARAN!

Generasi Pesona Indonesia Nasional memberikan kesempatan bagi para mahasiswa dari berbagai perguruan tinggi baik swasta maupun negeri di seluruh indonesia, ataupun siapapun lapisan masyarakat yang ingin berkontribusi, berkolaborasi dan belajar https://t.co/gb6KGGUUGo",
2025-07-03T12:06:34.000Z,CNNIndonesia,Dewan Juri DKJ 2025 Gelar Observasi Implementasi Program CSR Peserta https://t.co/K8OzqD0xtv,
2025-10-13T04:16:56.000Z,CNNIndonesia,Ammar Zoni Jalani Hukuman di Lapas Cipinang Sejak Juli 2025 https://t.co/CyUQIisgaf,
2025-09-19T04:09:09.000Z,CNNIndonesia,"Ramaikan Jakarta Eco Future Fest 2025, Ada Workshop &amp; Hiburan Seru https://t.co/F8Wl4kwBd1",
2025-09-22T07:29:54.000Z,Beritasatu,"Magang Nasional 2025, Fresh Graduate Dapat Gaji UMP Selama 6 Bulan
https://t.co/BOJlYo7qE1",
2025-11-28T06:00:28.000Z,CNNIndonesia,Purbaya Usul Lulusan SMK Bisa Masuk Program Magang Nasional https://t.co/PL9y5ZMCg5,
2025-05-27T13:01:06.000Z,CNNIndonesia,"Hasil Sidang Isbat: Idul Adha 1446 H Jatuh pada Jumat 6 Juni 2025 #BREAKINGNEWS
https://t.co/7P12UqtQht",
2025-03-28T03:43:49.000Z,CNNIndonesia,"Lebaran 2025 Diprediksi Serentak antara Pemerintah, NU, Muhammadiyah https://t.co/DRvrO0hfiA",
2025-12-03T11:22:44.000Z,KemnakerRI,"Nambah anak magang lewat Program Pemagangan Nasional 2025 sekarang nggak ribet kok!

Hari ini hari terakhir lho bagi Mitra Penyelenggara untuk daftar dan posting lowongan magang di https://t.co/tpeelgZSlN 🚀 https://t.co/R6bPSXoZjA",
2025-10-13T08:21:24.000Z,CNNIndonesia,Kemnaker Dorong Partisipasi Perusahaan dalam Program Magang Nasional https://t.co/RWp9RGkwAa,
2025-10-08T02:50:31.000Z,liputan6dotcom,"Buka Link https://t.co/b8XphgWhav, Berikut Cara Cek Kuota dan Daftar Magang Nasional 2025 https://t.co/G2VgONy9N1",
2025-12-03T10:42:19.000Z,KompasTV,"Kementerian Hukum Buka Magang Nasional 2025 Batch 3 Resmi Dibuka, Ada 353 Kuota untuk Lulusan S1 https://t.co/M10xgcMrwz",
2025-11-20T13:03:00.000Z,KompasTV,"Magang Nasional 2025 Batch II Mulai Orientasi 24 November, Ini Penjelasan Menaker

https://t.co/qDj4gmTWWU",
2025-11-25T04:06:00.000Z,KompasTV,"Link dan Cara Daftar Magang Nasional Kemnaker 2025 Batch 3 Beserta Syaratnya

https://t.co/ByOy5ueo93",
2025-11-05T10:48:00.000Z,KompasTV,"Magang Nasional 2025 Batch 2 Dibuka Besok, Ini Cara Daftar, Jadwal, dan Persyaratannya

https://t.co/Y23fqLbq9U",
2025-11-14T02:02:00.000Z,KompasTV,"Magang Nasional 2025 Kemnaker Batch 2 Ditutup Hari Ini, Kapan Pengumumannya?

https://t.co/GR2s2dEFjW",
2025-11-17T05:50:00.000Z,KompasTV,"Pengumuman Magang Nasional 2025 Batch 2 Segera Terbit, Ini Cara Cek Hasil Seleksinya

https://t.co/EIMp8q3n7f",
2025-10-01T14:03:14.000Z,liputan6dotcom,"Link Daftar Magang Nasional 2025, Siap-Siap Dapat Gaji Rp 3,3 Juta https://t.co/v47P7NqdfP",
2025-12-03T13:21:14.000Z,KompasTV,"Magang Nasional 2025 Batch 3 Dibuka 4 Desember 2025, Ini Link dan Cara Daftarnya https://t.co/jpN9Sihmx0",
2025-10-07T01:59:44.000Z,liputan6dotcom,"Magang Nasional 2025: Pemerintah Siapkan 20 Ribu Kuota untuk Lulusan Baru
https://t.co/vK76YH3Ajo",
2025-11-14T02:14:00.000Z,KompasTV,"Bappenas Buka Lowongan Kerja Program Magang Nasional 2025, Ini Syarat dan Benefitnya

https://t.co/vPGI0JRSdD",
2025-11-03T01:29:39.000Z,Gerindra,"Program Magang Nasional 2025 merupakan salah satu langkah nyata Presiden @prabowo Subianto dalam Paket Stimulus Ekonomi Nasional, dengan tujuan menekan angka pengangguran dan menyiapkan generasi muda agar lebih siap menghadapi dunia kerja. https://t.co/becGG6idzx",
2025-12-24T07:15:00.000Z,detikcom,"Simak ketentuan libur nasional dan cuti bersama untuk peserta Magang Nasional 2025. Cek dulu nih sebelum liburan!

Via @detik_edu  https://t.co/5WTpYdv9i9",
2025-10-15T13:00:14.000Z,tempodotco,"Program Magang Nasional 2025 menuai pro-kontra: solusi transisi kerja atau tanda minimnya lapangan kerja bagi lulusan baru? 

#TempoPlus https://t.co/uLWA7hPvGz",
2025-10-16T08:55:00.000Z,detikcom,"Pendaftaran Magang Nasional 2025 batch 1 resmi ditutup! Tercatat ada 156.159 pelamar dari seluruh Indonesia. Apakah kamu salah satunya? ☝️🤩

Via @detik_edu  https://t.co/6lXvqdMVUa",
2025-11-03T02:53:53.000Z,BANGSAygSUJUD,"Yuk ikutan Program Magang tahap 2 di PTPN I Regional 2, Jabar

Jadwalnya :

1. Pendaftaran : 06–12 Nov 2025

2. Seleksi &amp; pengumuman : 12–20 Nov 2025

3. Pelaksanaan program magang: 24 Nov 2025 – 23 Mei 2026

Informasi selengkapnya dan tata cara pendaftaran magang nasional https://t.co/zohVxSSmPH",
2025-11-07T16:22:34.000Z,Heraloebss,"Magang Nasional 2025: Gov Drop Lowkey Banger Buat Gen Z Job Hunt! 🔥 

Seskab Teddy baru aja ngedrop statement  : Program Magang Nasional ini ""bukan gimmick"", tapi ""real move"" pemerintah buat ngebuka pintu karirbuat anak muda. Bukan cuma janji manis, tapi action nyatab biar Gen Z https://t.co/MtpBQgBfSE",
2025-10-21T05:15:00.000Z,detikcom,"Pemerintah resmi buka Magang Nasional 2025 batch 1. Dalam gelombang pertama, ada tiga provinsi penyumbang pesrta magang terbanyak. Daerah mana tuh?

Via @detik_edu  https://t.co/JnVrWmdAbh",
2025-05-01T11:01:57.000Z,CNNIndonesia,FOTO: Suara Para Buruh di Indonesia dalam May Day 2025 https://t.co/PfAgZ1BK7C,
2025-06-19T13:22:27.000Z,CNNIndonesia,Pramono Anung Resmi Buka PRJ 2025 https://t.co/6c3hlrVCBI,
2026-04-02T21:30:39.000Z,CNNIndonesia,Polri Ungkap Sederet Pelanggaran dan Kematian Peserta Didik 2025 https://t.co/euPDewm919,
2025-03-31T09:25:46.000Z,CNNIndonesia,Dasco hingga Raffi Ahmad Hadiri Open House Lebaran 2025 Zulkifli Hasan https://t.co/jcMmVYBSpL,
2025-10-07T04:49:18.000Z,serambinews,"Kementerian Ketenagakerjaan (Kemnaker) resmi meluncurkan Program Magang Nasional atau Magang Kemnaker 2025.

#MagangKemnaker2025 #MagangKementerianKetenagakerjaan #ProgramMagangNasional #SerambiIndonesia 

https://t.co/E8QqzCTqcI",
2025-03-02T00:32:32.000Z,CNNIndonesia,Polri Kaji Operasional Tol Japek Selatan II untuk Mudik Lebaran 2025 https://t.co/AFrTb7t0Yr,
2024-12-31T20:00:45.000Z,CNNIndonesia,Prabowo Rayakan Tahun Baru 2025 di Bundaran HI https://t.co/rBDYlV428h,
2025-11-19T09:26:28.000Z,CNNIndonesia,Trans 7 Mengajar 2025 Dorong Mahasiswa ITB Asah Kepemimpinan https://t.co/n7flPMe065,
2025-06-28T06:02:13.000Z,CNNIndonesia,Menag soal Dugaan Korupsi Kuota Haji: 2025 Kami Jamin Aman https://t.co/Km3XI5k2jf,
2026-02-11T07:51:18.000Z,CNNIndonesia,"Evaluasi PNBP 2025, Korlantas Dorong Digitalisasi Layanan Regident https://t.co/IdXEfj44p5",
2025-07-22T07:00:00.000Z,CNNIndonesia,"Perekonomian digital Indonesia terus bertumbuh dan diperkirakan mencapai Rp4.500 triliun pada 2030.

Melalui ""Bravo 500 Summit"" pada 24 Juli 2025, forum strategis nasional yang diselenggarakan oleh XLSMART for Business ini mempertemukan pemimpin dari 500 perusahaan teratas di https://t.co/YejBwb7rvu",
2025-12-30T07:59:24.000Z,CNNIndonesia,Polri Sita Total 590 Ton Narkoba Sepanjang 2025 https://t.co/fDPbjwcSgl,
2025-04-03T09:45:53.000Z,CNNIndonesia,"CNN Indonesia bekerja sama dengan PB IPSI menggelar Kejuaraan Pencak Silat Tingkat Nasional Piala Menpora. 

Ajang bergengsi ini akan dilaksanakan pada 18-20 April 2025 di Padepokan Pencak Silat Taman Mini Indonesia Indah (TMII), Jakarta Timur.

Kejuaraan Pencak Silat CNN https://t.co/rjMLdTp2gD",
2025-04-29T23:31:38.000Z,CNNIndonesia,Mensos: 53 Sekolah Rakyat Siap Beroperasi Tahun Ajaran 2025-2026 https://t.co/2w7jB0HosJ,
2025-09-27T15:31:04.000Z,CNNIndonesia,Wakil Walkot: Ada 97 Kasus Perundungan di Kota Bogor Sepanjang 2025 https://t.co/i8CrNfwIcx,
2026-05-07T13:37:43.000Z,CNNIndonesia,"Kronologi Dokter Magang Meninggal di Jambi: Sempat Linglung, Masuk ICU https://t.co/ZYKZILsR8v",
2025-02-04T01:16:00.000Z,CNNIndonesia,"Dimulai Februari 2025, Ini Cara Warga Bisa Cek Kesehatan Mental Gratis https://t.co/GJk0WGRZlF",
2024-03-30T05:32:34.000Z,CNNIndonesia,Dua Perusahaan Diduga Terlibat Kasus Magang Palsu di Jerman https://t.co/l0OnAfGOxj,
2025-10-16T19:00:40.000Z,CNNIndonesia,Polda Sulsel &amp; Polda Kalsel Jadi yang Terbaik di Kompolnas Awards 2025 https://t.co/Ulh6oHLTRn,
2025-07-22T12:20:38.000Z,CNNIndonesia,50 Ucapan Selamat Hari Anak Nasional 2025 yang Menggugah Hati https://t.co/piTDZw6yDM,
2025-01-08T18:00:57.000Z,CNNIndonesia,KPK Jadwal Ulang Pemeriksaan Sekjen PDIP Hasto Jadi 13 Januari 2025 https://t.co/TmZcbKFbx7,
2025-09-29T05:15:00.000Z,detikcom,"Pakar UMY ungkap Program Magang Nasional 2025 menyimpan dilema. Benarkah ini solusi atau justru celah eksploitasi tenaga kerja muda?

Via @detik_edu  https://t.co/LXawsOgBcP",
2025-10-07T02:06:00.000Z,detikcom,"Pengumuman! Kemnaker membuka program magang nasional hari ini, Selasa (7/10/2025). Simak infonya di sini: #Magang https://t.co/JNwW6zUnvb",
2025-11-12T04:01:43.000Z,CNNIndonesia,"Hari Kesehatan Nasional 2025, Generasi Sehat, Masa Depan Hebat https://t.co/sYTUcqTmiL",
2026-04-23T11:23:31.000Z,CNNIndonesia,Kapan Program Magang Nasional Batch 2 Dibuka? Ini Jawaban Menaker https://t.co/D73dNw0a3T,
2025-10-03T09:04:10.000Z,KompasTV,Siap Magang Nasional 2025? Ini Persyaratan &amp; Cara Daftarnya | JMP https://t.co/maYKZXSlNW,
2025-04-01T13:59:02.000Z,CNNIndonesia,"Polri soal Arus Mudik Lebaran 2025: 1.477 Kecelakaan, 223 Meninggal https://t.co/SVYp2sQeWH",
2025-05-22T05:10:49.000Z,CNNIndonesia,"Prabowo Teken Perpres 66 Tahun 2025, Jaksa Bisa Dilindungi Polri &amp; TNI
https://t.co/pwFsU7qBmo",
2025-11-01T04:46:10.000Z,CNNIndonesia,FOTO: Kapolri Hingga Jaksa Agung di Meriah CNN Indonesia Awards 2025 https://t.co/bSQdjZjSvZ,
2025-11-24T12:00:02.000Z,detikcom,"Pendaftaran Magang Nasional 2025 Batch 3 dibuka mulai 4 Desember. Siapkan dokumen dan ikuti langkah pendaftaran online di MagangHub. Jangan lewatkan!

https://t.co/PibvsfzBr0",
2025-11-04T09:33:32.000Z,DS_yantie,"Janji pak Wapres 19 juta lapangan pekerjaan kini pelan pelan sepertinya akan diwujudkan oleh pak Prabowo

Program Magang Nasional 2025 salah satu inisiatif Presiden Prabowo dalam Paket Stimulus Ekonomi Nasional ini sangat membantu lulusan baru mendapatkan pengalaman kerja yang di https://t.co/1ehLgNebdF",
2025-11-02T13:17:31.000Z,CNNIndonesia,"Arum Sabil Raih CNN Indonesia Award 2025, Teladan dari Timur Nusantara https://t.co/AzGfFw9ubS",
2026-05-04T07:50:26.000Z,CNNIndonesia,"Dokter Magang Meninggal di RS Jambi, Keluarga Buka Suara https://t.co/7mgfpR5Oh0",
2025-10-07T02:33:12.000Z,liputan6dotcom,"Magang Nasional 2025: Pemerintah Siapkan 20 Ribu Kuota untuk Lulusan Baru

https://t.co/b0zQY4jC5N",
2025-11-23T05:29:39.000Z,Metro_TV,"Kementerian Ketenagakerjaan (Kemnaker) mengingatkan bahwa  hari ini Jumat, 14 November 2025, pukul 23.59 WIB, merupakan batas terakhir waktu pendaftaran peserta Program Magang Nasional Tahun 2025 batch 2.

Baca selengkapnya: https://t.co/UvjYLtMakf

#kementerianketenagakerjaan https://t.co/TJYJ2wrvW0",
2025-10-21T03:20:00.000Z,KompasTV,"Cara Cek Pengumuman Hasil Seleksi Magang Nasional 2025 Batch 1 Gelombang I, 15 Ribu Peserta Lolos

https://t.co/Bm5QFo3Jmi",
2025-07-12T06:30:11.000Z,CNNIndonesia,"FOTO: DKJ Award 2025, Bersama-sama Membangun Jakarta https://t.co/DcbuYRi1G7",
2025-10-11T12:39:39.000Z,antaranews,ANTARA - Menaker tegaskan pentingnya pemerataan dalam Magang Nasional 2025 https://t.co/RHvjTJ8Kfs,
2025-10-10T08:36:49.000Z,CNNIndonesia,Penyebab Gagal Daftar Magang Nasional dan Solusinya https://t.co/AV3FPSrs5P,
2025-10-29T04:46:22.000Z,CNNIndonesia,Hari Besar Nasional dan Internasional November 2025 https://t.co/su3v9mrlw0,
2025-12-04T09:10:06.000Z,CNNIndonesia,Apakah Bisa Mundur dari Magang Nasional? Ini Aturannya https://t.co/0ciyXnBnuD,
2025-09-23T15:26:45.000Z,CNNIndonesia,67 RUU Prolegnas Prioritas 2026 &amp; 52 RUU Perubahan 2025 Resmi Disahkan https://t.co/aBxhgLlB1M,
2025-03-29T20:01:03.000Z,CNNIndonesia,Jadwal Imsak dan Subuh Hari Ini Minggu 30 Maret 2025 https://t.co/bxMpHqiZno,
2026-02-02T00:30:20.000Z,CNNIndonesia,Andar Amin Harahap Terpilih Jadi Ketua DPD Golkar Sumut 2025-2030 https://t.co/rmHjwcfQeq,
2025-01-30T02:49:43.000Z,CNNIndonesia,"Kemendikti Tak Bisa Beri Tukin Dosen ASN 2020-2024, Janji Bayar 2025
https://t.co/XevY0mU3W6",
2025-12-20T13:04:33.000Z,CNNIndonesia,Said Abdullah Kembali Terpilih Pimpin PDIP Jatim 2025-2030 https://t.co/RLy7NC0js0,
2024-12-03T15:49:35.000Z,CNNIndonesia,Mensos: 42 Ribu Warga Disabilitas Terima Makan Bergizi Gratis di 2025 https://t.co/JcpRK2sic6,
2025-01-01T04:19:31.000Z,CNNIndonesia,FOTO: Kembang Api Bundaran HI Sambut Tahun Baru 2025 https://t.co/szCXooHBEY,
2025-03-04T21:00:24.000Z,CNNIndonesia,Jadwal Imsak dan Subuh Hari Ini Rabu 5 Maret 2025 https://t.co/VUKabjLvxw,
2024-08-16T10:45:55.000Z,CNNIndonesia,Gubernur Hasil Pilkada 2024 Dilantik 7 Februari 2025 https://t.co/GJHkIfjvSu,
2025-03-12T08:28:45.000Z,CNNIndonesia,Jadwal Buka Puasa Hari Ini Rabu 12 Maret 2025 https://t.co/6p72xTFZy3,
2024-08-31T05:07:19.000Z,CNNIndonesia,"Kongres Gerindra 2025 Dipercepat, Prabowo Diminta Jadi Ketum Lagi https://t.co/lTWL3fJoHs",
2026-01-04T20:32:00.000Z,CNNIndonesia,Kakorlantas Sebut Operasi Nataru 2025/2026 Berjalan Lancar https://t.co/lQY7E4kUIw,
2024-07-22T01:01:14.000Z,CNNIndonesia,INFOGRAFIS: Jumlah Sekolah Swasta Jakarta yang Kemungkinan Gratis 2025 https://t.co/qtmqp9jVlc,
2025-04-30T05:57:03.000Z,CNNIndonesia,"H-1 May Day 2025, DPR dan Istana Kumpulkan Pimpinan Organisasi Buruh
https://t.co/0M7wIuwffZ",
2025-03-21T19:01:00.000Z,CNNIndonesia,"Target Dedi Mulyadi: Tahun 2025, Jawa Barat Bebas Premanisme https://t.co/UpKEosvkWB",
2024-07-06T04:50:08.000Z,CNNIndonesia,Daftar Nama Baru DPP PDIP hingga 2025: Ganjar Pranowo hingga Ahok https://t.co/VtESz8r9Qj,
2024-12-31T11:35:12.000Z,CNNIndonesia,Jalan Utama di Solo Ditutup untuk Sambut Malam Tahun Baru 2025 https://t.co/5AGSAL3GDT,
2025-12-25T12:55:07.000Z,CNNIndonesia,Satu DPO Kasus Narkoba DWP 2025 Serahkan Diri ke Bareskrim https://t.co/DfKTS5wik3,
2025-06-21T13:13:29.000Z,CNNIndonesia,"189 Kasus TPPO di 2025, Mayoritas Korban Anak dan Perempuan https://t.co/E6h6iJmX6z",
2025-09-19T22:02:32.000Z,CNNIndonesia,Kakorlantas: Kecelakaan Lalu Lintas Turun di Semester Pertama 2025 https://t.co/bHqDnrovXM,
2025-08-02T04:35:04.000Z,CNNIndonesia,Prabowo Tetapkan 18 Agustus 2025 Jadi Hari Libur https://t.co/wY8EcPJPeZ,
2026-01-26T05:47:23.000Z,CNNIndonesia,"Polri Tangkap 64 Ribu Tersangka Kasus Narkoba di 2025, Barbuk Rp41 T https://t.co/pE3GBwT0Qe",
2025-02-03T05:02:22.000Z,CNNIndonesia,SPMB 2025: Sekolah Dilarang Terima Murid Melebihi Daya Tampung https://t.co/XXUyducsLD,
2026-03-05T12:23:08.000Z,CNNIndonesia,3.016 Warga di Sumut Masih Mengungsi Usai Banjir November 2025 https://t.co/qualYPDo6C,
2025-11-20T09:32:33.000Z,antaranews,Menteri Ketenagakerjaan Yassierli menyampaikan peserta Magang Nasional 2025 tahap batch II mulai memasuki masa orientasi  https://t.co/oNQMsU8DuL,
2024-12-04T21:01:28.000Z,CNNIndonesia,Nasaruddin Umar soal BPH: Kemenag Masih Jadi Penyelenggara Haji 2025 https://t.co/TDREuDSKZ4,
2025-10-25T02:11:41.000Z,detikcom,"Magang Nasional 2025 batch 2 akan membuka pendaftaran sebentar lagi. Seperti apa jadwal resminya? Cek di sini.

https://t.co/R22RBzN6ai",
2024-03-28T03:16:10.000Z,CNNIndonesia,"Polisi Beber Peran 5 Tersangka TPPO Modus Magang ke Jerman 
https://t.co/laD8ElqkeY",
2026-03-10T07:59:35.000Z,CNNIndonesia,"Banjir bandang dan longsor yang melanda wilayah Aceh, Sumatera Utara, dan Sumatera Barat pada akhir November 2025 meninggalkan dampak besar bagi masyarakat. Ribuan rumah rusak, akses jalan terputus, hingga aktivitas ekonomi lumpuh akibat bencana hidrometeorologi yang dipicu curah https://t.co/opsVI61qNr",
2025-02-13T02:40:12.000Z,CNNIndonesia,"Prabowo Tetapkan Biaya Haji 2025: Embarkasi Jakarta Rp58 Juta
https://t.co/uQ067yyHAN",
2025-05-01T23:31:40.000Z,CNNIndonesia,40 Ucapan Hari Pendidikan Nasional 2025 Bahasa Indonesia dan Inggris https://t.co/gRxZiyIsmJ,
2024-07-05T07:26:03.000Z,CNNIndonesia,"Ganjar hingga Ahok Masuk Kepengurusan DPP PDIP hingga 2025
https://t.co/9KF8drjl7l",
2025-08-18T05:16:29.000Z,CNNIndonesia,"HUT RI ke-80, Lalin Kembali Normal usai Operasi Merdeka Jaya 2025 https://t.co/P7glODwy3m",
2025-01-07T07:52:18.000Z,CNNIndonesia,"Muhammadiyah Tetapkan Awal Puasa Ramadan 1 Maret 2025
https://t.co/PHNKXG8n4G",
2025-08-04T03:02:09.000Z,CNNIndonesia,"Daftar Lengkap Pengurus DPP PDIP 2025-2030, Hasto Terpental https://t.co/8Bf2SrTu5y",
2026-01-15T23:01:49.000Z,CNNIndonesia,KPAI Catat 2.031 Kasus Pelanggaran Hak Anak pada 2025 https://t.co/5kQBMr3EcZ,
2024-11-18T18:00:25.000Z,CNNIndonesia,Baleg DPR Resmi Usulkan 41 RUU untuk Masuk Prolegnas Prioritas 2025 https://t.co/Z47VoJPLgE,
2024-06-11T09:39:40.000Z,CNNIndonesia,"Polri Minta Tambahan Anggaran Tahun 2025 Rp60,64 T https://t.co/2UA4al1tFz",
2024-07-31T01:16:35.000Z,CNNIndonesia,Mahasiswa Keluhkan Program Magang Diundur Kemendikbud https://t.co/f0jhgEqA1X,
2025-03-28T03:43:50.000Z,CNNIndonesia,Bahlil: Tarif Listrik Tak Naik Hingga Juni 2025 https://t.co/6l799gl0rt,
2025-03-29T07:39:15.000Z,CNNIndonesia,"202 Pemda Siapkan Lahan, Sekolah Rakyat Ditarget Berjalan Juli 2025 https://t.co/8G6yaNwoyd",
2025-11-14T05:31:53.000Z,CNNIndonesia,Kapan Pengumuman Hasil Seleksi Magang Nasional Batch 2 2025? https://t.co/8E0fdcgBWN,
2025-04-24T05:01:15.000Z,CNNIndonesia,"Daftar Hari Libur Nasional Bulan Mei 2025, Ada 2 Kali Long Weekend https://t.co/GPQ8g9BouI",
2025-03-25T22:00:58.000Z,CNNIndonesia,Pramono Tunggu Prabowo untuk Gelar Open House Lebaran 2025 https://t.co/KsyB8ik2Ec,
2025-02-08T01:15:46.000Z,CNNIndonesia,"Mulai Juli 2025, Siswa SD hingga SMA Bisa Cek Kesehatan Gratis https://t.co/0eReUZSs7P",
2024-06-25T10:42:44.000Z,CNNIndonesia,"Rusun Marunda Akan Dirobohkan &amp; Dibangun Ulang, Target 2025 Dua Tower
https://t.co/hPzR3JLGTj",
2025-07-22T06:32:24.000Z,CNNIndonesia,"Tepati Janji Kampanye, Pramono Tambah Dana RT/RW pada Oktober 2025 https://t.co/auS5wThP72",
2025-06-05T01:02:48.000Z,CNNIndonesia,Serba-Serbi Haji Furoda 2025 yang Gagal Berangkat https://t.co/mp16XTMvNq,
2025-07-18T21:32:03.000Z,CNNIndonesia,"Data Polri: 404 Orang Korban TPPO Sepanjang 2025, Mayoritas Perempuan https://t.co/53KPmq2tKR",
2025-03-29T12:02:44.000Z,CNNIndonesia,"#BREAKINGNEWS 
Pemerintah Tetapkan Hari Raya Idulfitri 2025 Senin 31 Maret
https://t.co/OW1J7o44dt",
2025-10-06T09:30:00.000Z,garudatvnews,"Kementerian Ketenagakerjaan membuka Program Magang Nasional 2025 “Siap Kerja” untuk 20.000 fresh graduate.

Cara ikut program ini sangat mudah. Peserta hanya perlu daftar di platform resmi SIAPkerja, memenuhi syarat sebagai WNI, lulusan S1/D3 maksimal 1 tahun terakhir, dan siap https://t.co/y7OfBz5uBl",
2024-07-02T02:01:51.000Z,CNNIndonesia,"Kaesang Bisa Ikut Pilgub 2024, Usia Sudah 30 Tahun pada 1 Januari 2025 https://t.co/dndkdHw4Sh",
2025-12-31T12:40:08.000Z,CNNIndonesia,4 Perkara Besar Diungkap Kejagung di 2025: Nadiem hingga Riza Chalid https://t.co/z0J9NYs4G7,
2025-09-25T00:45:27.000Z,CNNIndonesia,Syarat dan Cara Daftar Magang Fresh Graduate Bergaji UMP 2025 https://t.co/4y8eUBTvyO,
2024-06-05T09:08:21.000Z,CNNIndonesia,"Kemendikbudristek Siapkan Rp14,69 Triliun untuk KIP Kuliah 2025 
https://t.co/6B4yItGlsv",
2025-03-17T13:19:15.000Z,CNNIndonesia,"Operasi Ketupat Jaya 2025 di Jakarta, 4.000 Polisi Diterjunkan https://t.co/g7auAfsF96",
2025-04-22T10:41:51.000Z,CNNIndonesia,"Bupati Indramayu Lucky Hakim Disanksi Magang 3 Bulan di Kemendagri
https://t.co/bcCaAjIDgU",
2024-07-16T04:20:07.000Z,CNNIndonesia,Pemda DIY Relokasi 1.041 PKL di Teras Malioboro Tahun 2025 https://t.co/BrtX9HmMcg,
2025-10-20T00:30:51.000Z,CNNIndonesia,Kumpulan Doa untuk Peringatan Hari Santri Nasional 2025 https://t.co/OUk0dgVQlJ,
2025-05-01T15:58:19.000Z,CNNIndonesia,FOTO: Polisi Bubarkan Massa Aksi May Day 2025 di DPR https://t.co/eG0VimKqZW,
2025-09-08T03:19:07.000Z,CNNIndonesia,"Ribuan Pelari Ramaikan Bandung BEDAS Run 2025, Termasuk dari Brasil https://t.co/Yg7LYYJvUD",
2025-06-13T11:14:35.000Z,CNNIndonesia,FOTO: Menatap Masa Depan Ibu Kota di Jakarta Future Festival 2025 https://t.co/DvhnIOPsyA,
2025-04-13T17:30:24.000Z,CNNIndonesia,"Dimulai 2025, Gedung Sekolah Rakyat Kota Probolinggo Gunakan Rusun #Ad https://t.co/gzVSWg80Nf",
2025-04-06T18:30:53.000Z,CNNIndonesia,Jalur Lingkar Nagreg Dipadati Kendaraan Arus Balik Lebaran 2025 https://t.co/KP4gKG8MJK,
2025-04-19T08:38:14.000Z,CNNIndonesia,Kemenkes: Jemaah Haji 2025 Wajib Vaksin Polio https://t.co/SunbzUfX7F,
2025-06-11T02:08:18.000Z,CNNIndonesia,Menteri Agama RI Minta Maaf Atas Segala Kendala Ibadah Haji 2025 https://t.co/1K6hSCqWfD,
2025-10-06T11:33:17.000Z,tribunpontianak,"Link Cek Lowongan Magang Nasional 2025 Ratusan Perusahaan Lengkap Cara Daftar di Platform SIAPKerja

Baca: https://t.co/vu5PcE3eKA",
2025-05-01T03:46:29.000Z,CNNIndonesia,Logo dan Tema Hari Pendidikan Nasional 2025 https://t.co/uCEuI9zZoT,
2025-05-30T04:18:40.000Z,CNNIndonesia,"DKJ Awards 2025 untuk Program CSR Terbaik, Daftarkan Sekarang https://t.co/4R16xzcG4F",
2025-11-20T13:42:43.000Z,CNNIndonesia,Bupati Klaten Hamenang Tutup Rangkaian Sambung Rasa 2025 https://t.co/WJ3D4sSEmV,
2026-02-14T00:15:40.000Z,CNNIndonesia,TNI Klaim Pelanggaran Hukum Prajurit Turun di 2025 https://t.co/QWkdv3xAvS,
2025-02-12T05:40:39.000Z,CNNIndonesia,"Anggaran Polri 2025 Rp126 Triliun, Kena Efisiensi Rp20,5 Triliun
https://t.co/ooBa1Ljn71",
2025-06-04T08:20:56.000Z,CNNIndonesia,Mau Ikutan Kompetisi Foto di Jakarta Fair 2025? Cek Ketentuannya https://t.co/zFYcDX1C00,
2024-09-03T20:34:52.000Z,CNNIndonesia,"Wamenhan Beber Pagu Anggaran Kemhan dan TNI Rp165,16 T untuk 2025 https://t.co/Tgze4BiyDg",
2025-11-25T06:00:19.000Z,CNNIndonesia,BRI Peringati Hari Guru Nasional 2025 di SDN Sukamahi 02 Megamendung https://t.co/readkY95pg,
2025-03-07T21:00:31.000Z,CNNIndonesia,Jadwal Imsak dan Subuh Hari Ini Sabtu 8 Maret 2025 https://t.co/URjVRVFVr2,
2025-12-09T04:27:00.000Z,detikcom,"Magang Nasional 2025 telah berjalan sejak Oktober kemarin. Memasuki batch 3, bisa kah mundur dari program ini? Peserta wajib menyiapkan dokumen berikut!

Via @detik_edu  https://t.co/tWOeoDxPuw",
2025-03-23T02:23:15.000Z,CNNIndonesia,"Jadwal Contraflow, One Way, dan Ganjil Genap saat Mudik Lebaran 2025 https://t.co/Gj1FazNfWz",
2025-10-10T09:13:00.000Z,detikcom,"Waktu pendaftaran Magang Hub atau Magang Nasional 2025 diperpanjang hingga 15 Oktober 2025. Simak cara daftarnya!🤩

via @detik_edu  

https://t.co/7sYEmrlx3w",
2025-05-29T04:24:04.000Z,CNNIndonesia,"Derap Kerjasama Jakarta Awards 2025, Ini 3 Kategori Penilaian CSR https://t.co/JlkmjpNMrL",
2025-10-31T13:22:41.000Z,CNNIndonesia,Zulhas hingga Jaksa Agung Hadir di CNN Indonesia Awards 2025 https://t.co/LFxkulHnkV,
2025-09-12T05:28:42.000Z,CNNIndonesia,"Warga DKI Bersiap, Eco Future Fest 2025 Digelar 25-26 September https://t.co/CQbx4YPR3k",
2025-10-12T10:33:53.000Z,CNNIndonesia,"Magang Nasional Dimulai 20 Oktober, 20 Ribu Peserta Dapat Gaji UMP https://t.co/3hZIKUH9k3",
2025-02-21T10:00:52.000Z,CNNIndonesia,"Kolaborasi untuk Indonesia Bersih. 
Selamat Hari Sampah Nasional 2025. 

Mulai dari diri sendiri! Yuk jaga kebersihan lingkungan, dukung daur ulang, dan kurangi limbah. 

Kementerian Lingkungan Hidup RI berkolaborasi dengan para stakeholders melaksanakan Asta Aksi Peduli Sampah https://t.co/mOHXsbcxJZ",
2024-09-09T19:02:33.000Z,CNNIndonesia,216 Mahasiswa Program Kampus Merdeka Mulai Magang di Transmedia https://t.co/YIiWmihcJ6,
2024-12-01T08:13:12.000Z,CNNIndonesia,KPU: Pilkada Lanjutan Digelar September 2025 Jika Paslon Tunggal Kalah https://t.co/DglxdyfBfq,
2025-04-19T00:46:02.000Z,CNNIndonesia,Pemprov Lampung Gelar Pemutihan Pajak Kendaraan 1 Mei 2025 https://t.co/BUVAI0U11w,
2025-12-26T14:26:26.000Z,CNNIndonesia,"Di tengah Nataru 2025/2026 yang berlangsung dalam kondisi tidak normal akibat bencana hidrometeorologi di Sumatra, pemerintah memastikan pasokan energi nasional berada dalam kondisi aman.

Namun, bagaimana makna “aman” itu dipahami dalam kebijakan publik?
Bukan hanya soal angka https://t.co/QK4N8PT5xi",
2025-06-11T03:10:21.000Z,CNNIndonesia,"SPMB 2025 Tahap 1 Jabar Dibuka, Berikut Jadwal dan Syaratnya https://t.co/bgZK6bGecA",
2025-11-24T08:14:35.000Z,bppmhkp_merak,"Hari ini telah dilaksanakan penandatanganan perjanjian Peserta Magang Nasional 2025 di Badan Mutu KKP Merak. 

Selamat dan sukses untuk peserta Magang Nasional KKP 2025 di Badan Mutu KKP Merak. Semoga perjalanan magang ini jadi langkah awal menuju masa depan yang lebih baik. https://t.co/qNJhYRk1B7",
2025-03-29T00:31:47.000Z,CNNIndonesia,Kapolri: Puncak Arus Mudik 2025 Sabtu Pagi https://t.co/jEVsFXrJBe,
2025-01-20T10:51:58.000Z,CNNIndonesia,UN Versi Baru Akan Dilaksanakan November 2025 Bagi Siswa SMA/SMK/MA https://t.co/cZF5IMexw5,
2025-08-01T04:11:59.000Z,CNNIndonesia,"Pemerintah Tetapkan 18 Agustus 2025 Jadi Hari Libur
https://t.co/ZjhwVLycsw",
2025-07-04T00:31:00.000Z,CNNIndonesia,Ini Daftar Nama Calon Paskibraka Nasional 2025 Perwakilan 38 Provinsi https://t.co/GiJoCfanAn,
2025-10-30T05:46:43.000Z,CNNIndonesia,Pemkab Jember Hidupkan Ekonomi Rakyat Lewat Festival Sapi Jatim 2025 https://t.co/mpjnwEh5J9,
2025-04-13T06:31:00.000Z,CNNIndonesia,Pembalap Nasional Ramaikan Pertamina Mandalika Racing Series 2025 #Ad https://t.co/yqGS412cDF,
2024-08-01T02:04:03.000Z,CNNIndonesia,"Kritik Magang Kampus Merdeka, Layakkah Dipertahankan? https://t.co/Lkf6MWUQIP",
2025-10-13T02:42:44.000Z,RadioElshinta,"Kementerian Ketenagakerjaan memperpanjang masa pendaftaran Program Magang Nasional 2025 hingga 15 Oktober 2025 dan pendaftaran bagi perusahaan penyelenggara diperpanjang sampai 14 Oktober 2025.

Mengutip dari akun Instagram resmi @kemnaker, berikut jadwal terbaru program Magang https://t.co/swAfKBxrHG",
2025-07-05T10:52:10.000Z,CNNIndonesia,Borong Skin Care sambil Drop Sampah Kosmetik di Rekosistem JxB 2025 https://t.co/CBRHveFS92,
2025-05-30T08:36:52.000Z,CNNIndonesia,"Ikuti Lomba Menggambar di Jakarta Fair 2025, Berhadiah Jutaan Rupiah https://t.co/AlnaL8P7XS",
2024-12-10T06:47:03.000Z,CNNIndonesia,"Kotak Kosong Menang, Pilkada Ulang Digelar 27 Agustus 2025 https://t.co/Akq5kbX6g5",
2025-01-09T12:40:15.000Z,CNNIndonesia,Tim Hukum Dengar Info Hasto Ditahan KPK Sebelum Kongres PDIP 2025 https://t.co/WVxUMVlWVc,
2025-10-14T00:45:31.000Z,CNNIndonesia,"Magang Nasional Jilid II Buka Lagi November 2025, Cek Syarat &amp; Caranya https://t.co/cA19121wlp",
2025-05-01T06:51:37.000Z,CNNIndonesia,"Presiden Prabowo mengatakan mendukung usulan tokoh buruh yang mendorong aktivis buruh Marsinah menjadi pahlawan nasional. Dukungan itu diungkapkan saat Prabowo berpidato dalam gelaran #MayDay 2025 di Monas, Jakarta. https://t.co/Ytp3YsfM1I #CNNIndonesia https://t.co/451smSKPri",
2024-03-27T11:54:39.000Z,CNNIndonesia,Bareskrim Ungkap Mahasiswa Korban Magang di Jerman Jadi Buruh Kasar https://t.co/o0rRkHDrNM,
2025-10-13T01:00:00.000Z,detikcom,"Selamat pagi, detikers!

#detikpagi hari ini punya banyak informasi menarik lho. Salah satunya membahas soal Timnas Indonesia dan Magang Nasional 2025.

Penasaran? Yuk, nonton secara langsung di https://t.co/fJ08xGZ1rz dan https://t.co/2uXxDVNRds

#detikcom #JanganTidurLagi https://t.co/w05PyCnm2r",
2025-05-27T04:35:42.000Z,CNNIndonesia,Pengumuman SNPMB: 253.421 Peserta Dinyatakan Lulus SNBT 2025 https://t.co/YrGuhRZBbB,
2025-08-07T10:11:27.000Z,CNNIndonesia,CFD Sudirman-Thamrin Minggu 17 Agustus 2025 Ditiadakan https://t.co/HmxotWywFG,
2025-01-01T06:11:45.000Z,CNNIndonesia,"FOTO: Awal Tahun 2025, Kebakaran Landa 6 Rumah di Cilincing https://t.co/nFVBVZOFXw",
2025-01-17T18:00:51.000Z,CNNIndonesia,Istana: Target Dapur MBG 5 Ribu Unit Seluruh Indonesia Juli 2025 https://t.co/GYsT3UTpFm,
2025-08-06T19:00:59.000Z,CNNIndonesia,KPK Terima 2.273 Pengaduan Masyarakat Sepanjang Semester I 2025 https://t.co/kP2VqecIGZ,
2025-05-02T03:16:28.000Z,CNNIndonesia,FOTO: Kloter Pertama Haji 2025 Resmi Berangkat ke Tanah Suci https://t.co/RefoKd1fCS,
2025-08-25T04:04:53.000Z,CNNIndonesia,PAN Awards 2025 Apresiasi 12 Tokoh Inspiratif di Bidang Pangan https://t.co/cqjMp1kkJW,
2025-11-26T08:57:11.000Z,antaranews,"Menteri Koordinator Bidang Perekonomian Airlangga Hartarto menjamin upah pertama peserta Magang Nasional 2025 batch I sudah disalurkan.

 https://t.co/l0LepuEgL7",
2025-09-26T11:06:51.000Z,CNNIndonesia,"Rayakan Masa Depan Lingkungan, DLH DKI Sukses Gelar JEFF 2025 https://t.co/b002cZvf3e",
2025-12-05T07:08:00.000Z,KompasTV,"Kementerian UMKM Buka Pendaftaran Magang Nasional 2025 Batch 3, Cek Jadwal dan Link Pendaftarannya

https://t.co/A7pICJNNrl",
2025-01-08T00:15:39.000Z,CNNIndonesia,"Jadwal Puasa 2025 Muhammadiyah Mulai Tanggal 1 Maret, Total 29 Hari https://t.co/79iQdwKTld",
2025-11-29T08:36:18.000Z,CNNIndonesia,"Serap Ribuan Peserta, Program Magang Nasional di BNI Tuai Pujian https://t.co/jgXXJmq9CM",
2025-12-04T12:56:20.000Z,CNNIndonesia,"Bupati Klaten Pimpin Apel Hari Santri 2025, Serukan Penguatan Nilai https://t.co/3bj6DC36Z7",
2025-07-24T01:52:35.000Z,CNNIndonesia,Seluruh Jalur Pendakian Gunung Rinjani Ditutup Mulai 1 Agustus 2025 https://t.co/EWI478e4eN,
2026-04-26T04:30:03.000Z,RadioElshinta,"Pemerintah akan menambah kuota Program Magang Nasional  pada tahun 2027. Tahun 2025–2026 diikuti 100.000 peserta magang, dengan jumlah pendaftar awal mencapai sekitar 400 ribu orang. Sekretaris Kabinet Teddy Indra Wijaya mengatakan, rencana  meningkatkan kuota magang juga  akan https://t.co/vtRXOLtME4",
2025-03-25T23:01:06.000Z,CNNIndonesia,Pemerintah Prediksi Pemudik Lebaran 2025 Turun Dibanding Tahun Lalu https://t.co/LsQ6ZdxNOH,
2025-02-01T01:16:23.000Z,CNNIndonesia,Poin-Poin SMPB 2025: Jalur Domisili hingga Pelibatan Sekolah Swasta https://t.co/Hms8BWvprj,
2025-03-03T12:36:22.000Z,CNNIndonesia,"Mensos: Sekolah Rakyat Dimulai Juli 2025, Bentuknya Boarding School https://t.co/xcEJ90TipI",
2025-06-22T12:38:41.000Z,CNNIndonesia,Daftar Agenda HUT ke-498 Jakarta hingga Juli-Agustus 2025 https://t.co/edQILwlpgL,
2024-04-01T22:02:18.000Z,CNNIndonesia,DPR Akan Panggil Nadiem Makarim soal Polemik Magang Jerman dan Pramuka https://t.co/T5LzT74fxS,
2025-03-11T08:37:47.000Z,CNNIndonesia,Jadwal Buka Puasa Hari Ini Selasa 11 Maret 2025 https://t.co/3PHVzGbYJy,
2025-10-14T07:56:14.000Z,Metro_TV,"Batch pertama program magang nasional 2025 mendapat sambutan luar biasa dari masyarakat. Sebanyak 105 ribu pencari magang telah mendaftar untuk batch pertama yang dijadwalkan mulai 20 Oktober. 

Kemnaker telah mengeluarkan Surat Edaran kepada kepala daerah di seluruh Indonesia https://t.co/TogE104p3a",
2025-01-22T12:38:15.000Z,CNNIndonesia,270 Kepala Daerah Serentak Dilantik Prabowo 6 Februari 2025 https://t.co/bxE94zFP4U,
2025-11-24T15:22:55.000Z,CNNIndonesia,Bupati Klaten Mas Hamenang Raih Top GPR Figure Award 2025 https://t.co/pqHgsxVcAv,
2025-02-08T23:33:18.000Z,CNNIndonesia,"30 Kata Ucapan Hari Pers Nasional 2025, Apresiasi untuk Para Jurnalis https://t.co/Vx3WJ5GCEn",
2024-03-23T07:50:43.000Z,CNNIndonesia,Bareskrim Bakal Periksa Universitas Terkait Magang Palsu ke Jerman https://t.co/yXADnmaFVc,
2025-05-29T09:25:40.000Z,CNNIndonesia,"Istana Wapres di IKN Pakai Kaca Antipeluru, Rampung Desember 2025 https://t.co/BZyPGLPvQ2",
2024-12-12T08:47:58.000Z,CNNIndonesia,Megawati Terisak Ungkap Kabar Kongres PDIP 2025 Mau Diawut-awut https://t.co/aSVKI4tLrU,
2025-11-29T00:15:42.000Z,CNNIndonesia,FOTO: Jakarta Dinobatkan Jadi Kota Terpadat di Dunia 2025 https://t.co/AVTQK0FXXo,
2024-09-19T07:52:30.000Z,CNNIndonesia,Ketua Banggar: APBN 2025 Jembatan Ekonomi untuk Pemerintahan Baru #Ad https://t.co/qYolruQsrt,
2025-11-26T12:13:07.000Z,CNNIndonesia,Keputusan Rakernas 1 PAN 2025: Solid Dukung Prabowo dan Semua Program https://t.co/nxY5gUvOzF,
2025-10-15T15:22:44.000Z,CNNIndonesia,VIDEO: Magang Nasional 2025 Pikat 100 Ribu Pendaftar https://t.co/OxXYPCvlmM,
2025-10-08T13:30:00.000Z,CNNIndonesia,"Hidrogen hijau (Green Hydrogen) dianggap sebagai salah satu solusi paling menjanjikan untuk mendorong transisi energi. Bahan bakar ini mampu menggantikan energi fosil di sektor-sektor yang sulit di dekarbonisasi, dan membuka peluang baru bagi kemandirian energi nasional. https://t.co/5ivUvjW6tv",
2024-11-25T17:00:09.000Z,CNNIndonesia,Mendikdasmen Target Sistem Zonasi Hasil Evaluasi Diterapkan 2025/2026 https://t.co/dhIgXkf9aG,
2024-03-29T03:46:36.000Z,CNNIndonesia,Pengakuan Mahasiswa Magang Jambi Korban TPPO Jerman: Jadi Kuli Panggul https://t.co/uMac4OSJCQ,
2025-10-03T13:38:00.000Z,detikcom,"Pendaftaran Magang Nasional 2025 akan segera dibuka pada 7 Oktober mendatang. Sebagai persiapan, berikut cara membuat akun pendaftarannya.

https://t.co/j1DoQtMMvr",
2025-07-16T18:00:20.000Z,CNNIndonesia,Daftar Lima Anggota Polisi Pemenang Hoegeng Award 2025 https://t.co/iLdgBwRPiO,
2024-04-04T09:01:04.000Z,CNNIndonesia,Guru Besar di Jambi Dapat Cuan Rp48 Juta di Kasus Magang Palsu Jerman https://t.co/ohL0QS8EFI,
2024-10-09T01:16:05.000Z,CNNIndonesia,"DPRD DKI Rencanakan Anggaran Sekolah Swasta Gratis di 2025 Rp1,7 T https://t.co/MQglWiebzM",
2024-08-16T09:39:56.000Z,CNNIndonesia,Said Abdullah Paparkan 4 Usulan Prioritas Kebijakan Fiskal 2025 #Ad https://t.co/J5FCTB8RYN,
2025-03-29T04:43:05.000Z,CNNIndonesia,FOTO: Jemaah Naqsabandiyah Rayakan Lebaran 2025 Hari Ini https://t.co/AZlUkTMlTR,
2025-01-12T08:36:17.000Z,CNNIndonesia,"Hasto PDIP Lari 10 Km, Hadirkan 'KPK' di Acara Soekarno Run 2025 https://t.co/YmOv9Z23EE",
2025-03-07T07:37:28.000Z,CNNIndonesia,Jadwal Buka Puasa Hari Ini Jumat 7 Maret 2025 https://t.co/u4Qelj1gH7,
2025-11-02T09:56:36.000Z,CNNIndonesia,"BGN Genjot Realisasi Program MBG demi 82,9 juta Penerima di Akhir 2025 https://t.co/7ZynasjOR4",
2024-07-08T11:51:53.000Z,CNNIndonesia,"Tito: Pelantikan Pilkada Serentak Bertahap Mulai 1 Januari 2025 
https://t.co/IjhhJDib1c",
2025-10-07T15:38:41.000Z,NgkongRoses,"Untuk yang ini, aku apresiasi pemerintah 👍

Karena, Program Magang Nasional 2025 yang ditujukan bagi lulusan baru perguruan tinggi ini bertujuan untuk memberikan pengalaman kerja nyata dan meningkatkan kompetensi bagi fresh graduate di seluruh Indonesia.

Yang baru lulus kuliah, https://t.co/IhxB7CiiWk",
2025-05-27T05:05:53.000Z,CNNIndonesia,Indikator Penilaian Program CSR dalam Derap Kerjasama Jakarta 2025 https://t.co/1pxSe5iHx9,
2025-03-17T06:21:03.000Z,CNNIndonesia,"Update Resmi: CPNS Diangkat Paling Lambat Juni, PPPK Oktober 2025
https://t.co/30ccVhhPd9",
2024-11-02T09:15:39.000Z,CNNIndonesia,Sekolah SD-SMA Negeri dan Swasta di Jakarta Gratis Mulai Juli 2025 https://t.co/2pu1oR4j3G,
2025-07-12T12:51:08.000Z,CNNIndonesia,Waspada Potensi Longsor di Jaksel dan Jaktim Sepanjang Juli 2025 https://t.co/4LwqdRz8mJ,
2025-04-19T10:53:36.000Z,CNNIndonesia,Menag Terapkan Skema Murur dan Tanazul di Pelaksanaan Haji 2025 https://t.co/tIH2qhnEeb,
2025-07-24T08:23:56.000Z,CNNIndonesia,"Bukan Esemka, Ada Merek Mobil Nasional Baru di GIIAS 2025 https://t.co/eff6VsU8Fb",
2024-06-25T09:54:16.000Z,CNNIndonesia,"Rusun Marunda Akan Dirobohkan &amp; Dibangun Ulang, Target 2025 Dua Tower https://t.co/3TqZHJWFyh",
2024-09-11T01:32:55.000Z,CNNIndonesia,KPU-DPR Sepakat Pilkada Ulang Digelar 2025 Kalau Kotak Kosong Menang https://t.co/SRCsqmtkQS,
2025-08-05T10:47:14.000Z,CNNIndonesia,Isi Laporan ICW ke KPK soal Dugaan Korupsi Haji 2025 https://t.co/JPpOmo5ve5,
2024-07-24T15:28:50.000Z,CNNIndonesia,Pemprov DKI Ingin Robohkan Rusunawa Marunda Kluster C di 2025 https://t.co/1NNWitsFj2,
2025-01-01T04:49:35.000Z,CNNIndonesia,"Hari Ini Naik MRT, LRT, dan Transjakarta Cuma Rp1 di Tahun Baru 2025 https://t.co/IOY7LhbweU",
2024-03-23T09:51:16.000Z,CNNIndonesia,Bareskrim Beber Modus Magang Palsu ke Jerman Tipu 33 Universitas https://t.co/5zD1f6WdiJ,
2025-11-09T10:01:40.000Z,CNNIndonesia,Daftar 40 Nama Calon Pahlawan Nasional yang Diusulkan Tahun 2025 https://t.co/Oy5Lb1vZq5,
2025-02-07T09:06:44.000Z,CNNIndonesia,"Kemenkes: Cek Kesehatan Gratis untuk Siswa SD, SMP, SMA Juli 2025 https://t.co/uU0xMLSdlV",
2025-08-25T08:08:04.000Z,CNNIndonesia,Daftar Lowongan Kerja Magang di BUMN Agustus 2025 https://t.co/Y7fui38hwr,
2025-03-30T14:23:20.000Z,CNNIndonesia,Masjid Istiqlal Siapkan 9 Kantong Parkir untuk Salat Id 2025 https://t.co/rYdfR4NcKS,
2024-12-30T00:00:57.000Z,CNNIndonesia,"Daftar Libur Nasional dan Cuti Bersama 2025, Cek Tanggal Lengkapnya https://t.co/HgzpoGfb9Y",
2025-09-23T00:48:04.000Z,CNNIndonesia,Rekayasa Lalu Lintas TB Simatupang Lanjut hingga Oktober 2025 https://t.co/mzurkoRoyB,
2024-03-23T10:46:03.000Z,CNNIndonesia,"Bareskrim Beber Modus Magang Palsu ke Jerman Tipu 33 Universitas
https://t.co/48P3GVTrrP",
2024-06-14T07:38:07.000Z,CNNIndonesia,"Ramai Minta Tambah Anggaran untuk 2025 ke DPR: Polri, OIKN hingga BPIP https://t.co/5DXMrJupb7",
2025-02-22T06:51:08.000Z,CNNIndonesia,Special Interview HPSN 2025: Kolaborasi untuk Indonesia Bersih https://t.co/x7Qiy7wP7s,
2025-08-08T03:17:21.000Z,CNNIndonesia,"Senin 18 Agustus 2025 Resmi Cuti Bersama Nasional
https://t.co/iMCELZRAcK",
2025-01-22T05:17:15.000Z,CNNIndonesia,INFOGRAFIS: Jadwal Libur Sekolah saat Ramadhan 2025 https://t.co/67qs3LVaYg,
2025-09-23T23:01:35.000Z,CNNIndonesia,Daftar Enam Jaksa Pemenang Adhyaksa Awards 2025 https://t.co/eAIEk3BRm9,
2025-03-01T15:58:09.000Z,CNNIndonesia,FOTO: Buka Puasa Bersama di Masjid Istiqlal Sepanjang Ramadan 2025 https://t.co/Tgq4JTMREp,
2025-10-15T09:59:34.000Z,BBCIndonesia,"Pemerintah menargetkan bakal ada 100.000 lowongan di Program Magang Nasional yang dibuka sampai akhir 2025. Pemagang juga bakal diberi uang saku sebesar UMP.

Bisa enggak ya program magang ini membantu mengurangi pengangguran? https://t.co/szsZ0WTwWb",
2024-06-11T05:51:51.000Z,CNNIndonesia,"KPK Minta Kenaikan Anggaran Jadi Rp1,3 Triliun untuk Tahun 2025 https://t.co/7mXchhKMEF",
2025-01-07T13:18:38.000Z,CNNIndonesia,"Muhammadiyah Puasa 29 Hari di Ramadan 1446 Hijriah, Mulai 1 Maret 2025 https://t.co/bjkBOTpBec",
2025-02-23T10:43:19.000Z,CNNIndonesia,"SBY Terima Jabat Ketua Majelis Tinggi Demokrat 2025-2030
https://t.co/jIvj5Uf4JT",
2025-03-08T20:30:29.000Z,CNNIndonesia,Jadwal Imsak dan Subuh Hari Ini Minggu 9 Maret 2025 https://t.co/toq7x3y9b9,
2025-02-28T01:49:11.000Z,CNNIndonesia,"MUI: Awal Bulan Puasa Ramadan 2025 Potensi Berbeda, Tapi Lebaran Sama
https://t.co/BuS2y3GOcs",
2025-03-31T04:05:22.000Z,CNNIndonesia,Ratusan Warga Silaturahmi ke Rumah Jokowi saat Lebaran 2025 https://t.co/vgVeQLKL5U,
2025-02-09T11:23:19.000Z,CNNIndonesia,"Cek Kesehatan Gratis Mulai Besok, Ultah Januari 2025 Tetap Bisa Ikut https://t.co/kDSXNdOZ8B",
2025-03-19T21:00:11.000Z,CNNIndonesia,Jadwal Imsak dan Subuh Hari Ini Kamis 20 Maret 2025 https://t.co/9R8LPb0uv1,
2025-12-03T10:22:10.000Z,antaranews,"Menteri Koordinator Bidang Perekonomian Airlangga Hartarto menilai Program Magang Nasional 2025 di industri digital.

 https://t.co/yu6R8p8zzu",
2024-06-11T06:57:39.000Z,CNNIndonesia,"BPIP Minta Tambah Anggaran 2025 Rp100 Miliar, Rp45 M untuk Influencer
https://t.co/MZzl7qYpPS",
2025-03-04T05:55:25.000Z,CNNIndonesia,Kemendagri Dorong Kesiagaan Pemda Hadapi Arus Mudik Lebaran 2025 #Ad https://t.co/JaUy8F9yBm,
2025-03-25T03:10:13.000Z,CNNIndonesia,Demokrat Resmi Daftarkan Kepengurusan Baru 2025-2030 ke Kemenkum https://t.co/f4TWw3v9FA,
2025-03-26T21:00:52.000Z,CNNIndonesia,Jadwal Imsak dan Subuh Hari Ini Kamis 27 Maret 2025 https://t.co/QeZK5unFU2,
2025-11-02T15:08:16.000Z,Metro_TV,"Pemerintah membuka kembali program Pemagangan Nasional Lulusan Perguruan Tinggi alias magang fresh graduate batch 2 mulai awal November 2025 dengan target 80.000 peserta.

Batch 2 dimulai dengan pendaftaran perusahaan dan usulan program pemagangan pada 24 Oktober sampai 5 https://t.co/AHlwSGLgwR",
2024-12-31T06:51:14.000Z,CNNIndonesia,Komnas Kritik Ongkos Haji Naik Tahun 2025: Tak Sesuai Visi Prabowo https://t.co/qC8eIlntWj,
2024-05-26T07:49:05.000Z,CNNIndonesia,"Hasil Rakernas PDIP Minta Megawati Tetap Jadi Ketum 2025-2030 
https://t.co/fHtNDM5GVq",
2025-08-31T04:34:36.000Z,CNNIndonesia,Daftar Peringatan Penting Nasional dan Internasional September 2025 https://t.co/noJ5URMHXp,
2025-10-06T13:08:06.000Z,merdekadotcom,Wamenaker: Perusahaan Rugi Jika Tak Ambil Peserta Program Magang Nasional 2025 https://t.co/IucE7sXFnN,
2024-06-19T08:15:07.000Z,CNNIndonesia,"Menag Yaqut: Indonesia Dapat 221 Ribu Kuota Haji Tahun 2025
https://t.co/InPfQu6DaW",
2025-03-24T10:00:32.000Z,CNNIndonesia,Febri Diansyah soal Adik Dipanggil KPK: Pernah Magang di Visi Law https://t.co/13o0SQBZwX,
2024-11-29T10:32:46.000Z,CNNIndonesia,"Prabowo: Upah Minimum Nasional 2025 Naik 6,5 Persen
https://t.co/I6o5b1xpgL",
2026-05-27T01:08:10.000Z,RadioElshinta,"Program Magang Nasional 2026 Dibuka Lagi, Kuota Naik Jadi 150 Ribu Peserta

Jakarta – Menteri Ketenagakerjaan Yassierli memastikan Program Magang Nasional akan berlanjut pada 2026. Jumlah peserta ditargetkan meningkat 50 persen, dari 100 ribu orang pada 2025 menjadi 150 ribu",
2024-03-30T05:02:23.000Z,CNNIndonesia,"Fakta Kasus Ferienjob, Perdagangan Orang Berkedok Magang di Jerman https://t.co/9zUOpF0S3a",
2024-12-29T12:29:12.000Z,CNNIndonesia,Rekayasa Lalu Lintas di DKI Jakarta Saat Malam Tahun Baru 2025 https://t.co/MnZMAfpz4q,
2024-09-13T01:36:26.000Z,CNNIndonesia,Sekdis Pariwisata Maluku Jadi Tersangka Pelecehan Siswi Magang https://t.co/QjIZ3NsPsc,
2025-11-15T04:32:42.000Z,CNNIndonesia,"Jadi Tuan Rumah Atletik Asia Tenggara 2025, Sumut Catat Rekor Baru https://t.co/BCzBVW9HgU",
2025-03-29T09:09:21.000Z,CNNIndonesia,Jadwal Buka Puasa Hari Ini Sabtu 29 Maret 2025 https://t.co/9Y2IWHvUX5,
2025-10-07T03:52:23.000Z,tribunpontianak,"Dibuka Hari Ini ! Daftar Program Magang Nasional 2025 Fresh Graduate Dapat Gaji UMP Selama 6 Bulan
2025-fresh-graduate-dapat-gaji-ump-selama-6-bulan.

https://t.co/M5pxraFW2U",
2025-02-18T04:48:46.000Z,CNNIndonesia,Rapat Paripurna DPR Setujui RUU TNI Jadi Prolegnas Prioritas 2025 https://t.co/hvpRD97P0A,
2025-10-18T10:22:38.000Z,CNNIndonesia,"Gubernur Sumut Lepas Peserta Lari ToTK 2025, Dukung Sport Tourism https://t.co/u17Q1fvKqT",
2025-12-01T15:55:22.000Z,CNNIndonesia,"Rakor Kelembagaan 2025, Wabup Klaten Ikut Bahas Reformasi Birokrasi https://t.co/8LwhKFxZMv",
2024-11-04T11:01:25.000Z,CNNIndonesia,Pj Gubernur Sumut Hadiri Rakor Persiapan UMP 2025 &amp; Antisipasi Isu PHK #Ad https://t.co/5r98Lp2pop,
2025-10-11T09:09:10.000Z,CNNIndonesia,Pimpinan DPR Tegaskan Tak Ada Kenaikan Dana Reses Oktober 2025 https://t.co/pqmyvspYlP,
2024-10-14T09:28:11.000Z,CNNIndonesia,"Pemerintah Tetapkan 27 Hari Libur Nasional &amp; Cuti Bersama 2025
https://t.co/h9sfxWruAr",
2025-08-20T07:52:01.000Z,CNNIndonesia,Kapolri Bakal Pimpin Langsung Upacara Peringatan Hari Juang Polri 2025 https://t.co/n03noR5oMK,
2025-03-21T08:12:07.000Z,CNNIndonesia,"Pembaca #CNNIndonesia, yuk ikuti Kejuaraan Pencak Silat CNN Indonesia tingkat Nasional Piala Menpora 🏆

Ajang ini akan diselenggarakan pada 18-20 April 2025 di Padepokan Pencak Silat TMII, Jakarta Timur.

Untuk informasi lengkap terkait pendaftaran, kamu bisa lihat di tautan https://t.co/TW7gNHLBrc",
2024-06-10T21:33:33.000Z,CNNIndonesia,Mahasiswa Korban TPPO Modus Magang di Hungaria Lapor ke Bareskrim https://t.co/i2EX18kfrW,
2025-10-06T12:12:46.000Z,tribunpontianak,"DAFTAR Lengkap Upah Minimum Provinsi 2025 yang Jadi Acuan Gaji Peserta Magang Nasional 2025

Baca: https://t.co/v9UnA1BCbl",
2024-12-30T06:52:58.000Z,CNNIndonesia,Prabowo Bangun 'SMA Unggulan Garuda' 2025 Khusus Siswa Super Pintar https://t.co/JodsKCLS4G,
2024-06-12T10:22:51.000Z,CNNIndonesia,"Komnas HAM Minta Tambah Anggaran 2025 Rp37,1 M, Rp5 M untuk Kawal IKN
https://t.co/w0L81XvNQJ",
2024-11-07T22:01:37.000Z,CNNIndonesia,Cak Imin Harap Tambahan Anggaran Bansos 2025 Capai Rp100 Triliun https://t.co/fzMsh8x63K,
2024-07-01T06:04:44.000Z,CNNIndonesia,"KPU: Usia Cagub-Cawagub Harus 30 Tahun saat Pelantikan 1 Januari 2025
https://t.co/xtDr9wYvOY",
2025-12-01T13:38:18.000Z,antaranews,"Kemnaker menyatakan akan memperketat seleksi terhadap perusahaan penyelenggara Program Magang Nasional 2025 guna memastikan peserta memperoleh pengalaman magang yang berkualitas.

 https://t.co/ffLzUcIkXi",
2025-03-22T09:59:36.000Z,CNNIndonesia,Jadwal Buka Puasa Hari Ini Sabtu 22 Maret 2025 https://t.co/4B3JRoqZl4,
2026-01-27T15:42:12.000Z,Heraloebss,"Terharu mendengar cerita kakaknya 😢

Program Magang Nasional bukan sekadar tempat belajar dan bekerja, tapi ruang untuk belajar tentang pengabdian.

KABAR GEMBIRA UNTUK FRESH GRADUATE, Seskab Teddy menyampaikan, Program Magang Nasional 2025 diikuti sekitar 100.000 peserta hingga https://t.co/4HnARbZuJu",
2025-04-05T19:00:23.000Z,CNNIndonesia,"Arus Balik 2025, Lalu Lintas Tol Jabodetabek dan Jabar Meningkat https://t.co/BhquNXOrf0",
2025-10-22T06:20:46.000Z,CNNIndonesia,FOTO: Semarak Hari Santri 2025 di Berbagai Daerah Indonesia https://t.co/GNpgbK3UUE,
2024-02-27T13:44:24.000Z,CNNIndonesia,Golkar soal Makan Gratis Masuk APBN 2025: Banyak yang Sudah Nagih https://t.co/2x9O6vYZEe,
2025-02-25T07:36:53.000Z,CNNIndonesia,"Daftar Program Mudik Gratis Pemerintah 2025
https://t.co/B8yUZO1H25",
2025-05-04T02:54:37.000Z,CNNIndonesia,"Lestarikan Tradisi, Raih Prestasi!
Ikuti Kejuaraan Pencak Silat CNN Indonesia Tingkat Nasional Piala Menpora, langsung dari Padepokan Pencak Silat Taman Mini Indonesia Indah pada 2-4 Mei 2025. https://t.co/LXOvMd9tIE",
2025-04-06T13:11:18.000Z,CNNIndonesia,FOTO: Puncak Arus Balik Lebaran 2025 di Jalur Pantura Indramayu https://t.co/qQ57ik9KjM,
2024-06-14T08:30:02.000Z,CNNIndonesia,"Ramai Minta Tambah Anggaran untuk 2025 ke DPR: Polri, OIKN hingga BPIP
https://t.co/Qm95Qpq3bG",
2024-08-16T21:03:48.000Z,CNNIndonesia,"Cegah Ambisi Pribadi, DPR Akan Susun UU RPJPN 2025-2045 https://t.co/qEvXJHVszU",
2024-12-31T19:30:39.000Z,CNNIndonesia,Gerimis Warnai Perayaan Tahun Baru 2025 di Makassar https://t.co/BCILA4Ux2N,
2025-01-01T04:34:33.000Z,CNNIndonesia,"Hari Pertama 2025, Jalan Protokol Jakarta Sepi Kendaraan https://t.co/ingdwtZH9U",
2024-03-29T19:31:02.000Z,CNNIndonesia,30 Mahasiswa Halu Oleo Kendari Jadi Korban Magang ke Jerman https://t.co/1IXwQDYfz6,
2025-03-14T21:01:10.000Z,CNNIndonesia,Jadwal Imsak dan Subuh Hari Ini Sabtu 15 Maret 2025 https://t.co/CHbEJ7WKIF,
2025-11-23T09:59:38.000Z,tribunpontianak,"RESMI Program Magang Nasional 2025 Batch II Dimulai 24 November 2025 Lengkap Penjelasan Menaker
https://t.co/oEmZb7Zfjq",
2024-11-28T08:59:37.000Z,CNNIndonesia,DPR RI Dukung Woman From Rote Island Menuju Piala Oscar 2025 #Ad https://t.co/x1roqXR8pL,
2025-03-16T09:13:39.000Z,CNNIndonesia,Jadwal Buka Puasa Hari Ini Minggu 16 Maret 2025 https://t.co/njCQY2eaEM,
2025-01-24T11:32:40.000Z,CNNIndonesia,INFOGRAFIS: Daftar Wilayah Banjir Parah Sepanjang Januari 2025 https://t.co/v2n3pNviKJ,
2024-03-23T06:35:01.000Z,CNNIndonesia,"1.047 Mahasiswa Korban Magang Palsu ke Jerman Sudah Dipulangkan ke RI
https://t.co/W7Cm351fLm",
2025-05-12T11:55:45.000Z,CNNIndonesia,7 Daerah di Sumsel Rawan Karhutla Saat Kemarau 2025 https://t.co/wPwpvU6smt,
2025-03-18T23:00:20.000Z,CNNIndonesia,Tim Siber Dikerahkan Awasi Travel Gelap di Momen Mudik Lebaran 2025 https://t.co/cD0NPCVdbX,
2024-03-20T06:21:14.000Z,CNNIndonesia,"Polri Ungkap Kasus Magang Palsu ke Jerman, 1.047 Mahasiswa Jadi Korban https://t.co/G0xgfHLi0M",
2025-03-25T08:45:26.000Z,CNNIndonesia,Jadwal Buka Puasa Hari Ini Selasa 25 Maret 2025 https://t.co/mxYivRMtaH,
2026-04-24T09:06:11.000Z,putrapostdaily,"Kementerian Ketenagakerjaan resmi menutup Program Magang Nasional 2025 Tahap I pada Jumat, 24 April 2026. Penutupan ini menandai selesainya rangkaian magang nasional yang sebelumnya telah berjalan selama enam bulan di berbagai industri.

https://t.co/SgrBKx3DjJ",
2025-07-09T08:36:13.000Z,CNNIndonesia,Gibran Juga Siap Berkantor di IKN Jika Desember 2025 Rampung https://t.co/w86wC13bPp,
2025-10-06T11:46:54.000Z,tribunpontianak,"RINCIAN Gaji Magang Nasional 2025 yang Setara UMP Tiap Provinsi!

Baca: https://t.co/Ot9U4xlgM0",
2025-10-07T08:45:01.000Z,RadioElshinta,"Wamenaker Afriansyah Noor memastikan Program Magang Nasional 2025 akan membuka peluang bagi 20 ribu lulusan baru untuk magang terstruktur di berbagai sektor industri. Program ini menindaklanjuti arahan Presiden Prabowo guna mempercepat penyerapan tenaga kerja muda.

Bagaimana https://t.co/g23cu8NgWN",
2025-11-27T01:29:17.000Z,lpkamartapura,"✨ Kick Off Magang Nasional 2025
Langkah awal untuk mencetak generasi profesional yang siap bersaing di dunia kerja.
Mari bersama membuka peluang, membangun keterampilan, dan menciptakan masa depan yang lebih baik. 🚀

@Kemenimipas_RI @DITJEN_PAS @paskalsel https://t.co/UbuQkXwX8M",
2025-10-14T09:08:42.000Z,Franken_blues,"Seskab Teddy dan Menkeu Purbaya siap kawal Program Stimulus Ekonomi 2025.

Salah satunya Program Magang Nasional yg 20 Oktober nanti siap menampung 20 rb mahasiswa yg baru lulus.
Manfaatnya jelas, dpt skill, pengalaman, dan yg terpenting dpt uang saku yg setara dgn UMR wilayah https://t.co/6rsot1NQ9r",
2025-11-12T07:05:48.000Z,ImigrasiBJM_,"Bukan cuma magang, ini kesempatan level next!
✨ Program Magang Nasional 2025 hadir di Kantor Imigrasi Banjarmasin
Belajar, beraksi, dan tunjukin potensi terbaikmu bareng tim Imigrasi! 💼
Siap jadi generasi keren yang berani melangkah lebih jauh? 😉 https://t.co/6mTBxrVeRO",
2025-05-07T21:01:46.000Z,CNNIndonesia,Survei Indikator: 81 Persen Masyarakat Puas Terhadap Mudik 2025 https://t.co/JdivGUjQTP,
2025-11-24T15:49:41.000Z,lapasmartapura,Lapas Martapura Terima 36 Peserta Magang Nasional 2025 https://t.co/RNiGUBFC1t,
2026-05-25T02:53:13.000Z,ujistandar,"Kepala Karantina Uji Standar, Risma J.P. Silitonga secara resmi melepas empat mahasiswa Magang Nasional yang telah menyelesaikan masa magang selama enam bulan (24 November 2025-24 Mei 2026).  Semoga sukses selalu menyertai langkah kalian selanjutnya!😘🙏
 
#karantinaujistandar https://t.co/HkhFdiQz2f",
2025-10-11T04:43:19.000Z,e100ss,"Kemnaker Perpanjang Masa Pendaftaran untuk Magang Nasional 2025
https://t.co/ueoCYhibZJ",
2025-11-19T00:49:21.000Z,bkipmmataram,"Hai #SahabatBahari
Pada Senin 17 November 2025 Badan Mutu KKP Mataram telah melaksanakan Seleksi Administrasi dan Test Wawancara Peserta Magang Nasional 2025.
#BPPMHKP
#PanganBiru
#2025KKPRiseTogether
#EkonomiBiruUntukIndonesiaEmas
#SaktiWahyuTrenggono
#KKPGOID
#MagangHubKemnaker https://t.co/OqyNVyS4Ge",
2025-11-25T02:22:25.000Z,ujistandar,"Menindaklanjuti Program Magang Nasional Pemerintah Tahun 2025, Karantina Uji Standar resmi menyambut empat mahasiswa yang akan memulai program magang selama enam bulan di Karantina Uji Standar pada Senin (24/11).
#KarantinaUjiStandar
#karantinakuat
#MagangNasional https://t.co/h3DpQEy0lV",
